t_ms,phase_us,seq,spin_ns,gap_ewma_ns,wake_ewma_ns,burn_ewma_ns,blocked
0.000,2,0,5000,0,5000,0,0
0.062,2,1,5157,1656,4984,161,1
0.117,2,2,5318,3198,4905,320,1
0.172,2,3,5485,4709,4826,479,1
0.226,2,4,5656,6186,4744,638,1
0.281,2,5,5833,7624,4666,798,1
0.336,2,6,6016,9014,4591,959,1
0.391,2,7,6205,10361,4518,1120,1
0.446,2,8,6398,11664,4448,1282,1
0.501,2,9,6597,12927,4380,1444,1
0.556,2,10,6804,14147,4309,1608,1
0.611,2,11,7017,15331,4244,1774,1
0.666,2,12,7236,16482,4181,1941,1
0.721,2,13,7463,17593,4117,2110,1
0.776,2,14,7696,18675,4062,2279,1
0.833,2,15,7937,19716,4093,2451,1
0.889,2,16,7675,20725,4049,2624,1
0.944,2,17,7419,21692,3994,2784,1
0.999,2,18,7171,22643,3940,2932,1
1.053,2,19,6933,23560,3883,3068,1
1.108,2,20,6703,24444,3831,3193,1
1.163,2,21,6479,25305,3777,3305,1
1.218,2,22,6265,26142,3732,3406,1
1.273,2,23,6057,26952,3685,3498,1
1.328,2,24,5855,27738,3637,3581,1
1.383,2,25,5661,28497,3590,3655,1
1.438,2,26,5473,29235,3546,3724,1
1.493,2,27,5291,29945,3502,3780,1
1.547,2,28,5115,30635,3463,3830,1
1.602,2,29,5274,31303,3421,3873,1
1.657,2,30,5439,31954,3388,3919,1
1.712,2,31,5608,32578,3351,3969,1
1.767,2,32,5783,33185,3317,4023,1
1.822,2,33,5964,33772,3284,4081,1
1.836,2,34,5766,33067,3255,4142,1
1.891,2,35,5947,33665,3221,4195,1
1.946,2,36,6132,34248,3196,4252,1
2.001,2,37,6323,34799,3166,4314,1
2.056,2,38,6520,35338,3135,4379,1
2.111,2,39,6723,35861,3105,4447,1
2.166,2,40,6934,36366,3079,4521,1
2.221,2,41,7151,36858,3054,4599,1
2.276,2,42,6913,37331,3029,4681,1
2.330,2,43,6685,37789,3005,4753,1
2.385,2,44,6463,38231,2980,4815,1
2.440,2,45,6247,38664,2954,4869,1
2.495,2,46,6039,39082,2927,4914,1
2.550,2,47,5839,39491,2903,4952,1
2.605,2,48,6022,39882,2881,4982,1
2.660,2,49,6211,40261,2860,5018,1
2.715,2,50,6406,40631,2843,5059,1
2.769,2,51,6607,40987,2821,5103,1
2.824,2,52,6814,41333,2801,5152,1
2.832,2,53,6588,40255,2801,5204,0
2.888,2,54,6368,40674,2787,5248,1
2.943,2,55,6156,41027,2770,5286,1
2.998,2,56,5952,41379,2759,5316,1
3.053,2,57,5756,41707,2745,5337,1
3.108,2,58,5564,42027,2729,5352,1
3.163,2,59,5378,42339,2712,5360,1
3.226,2,60,5200,42713,2872,5366,1
3.278,2,61,5028,42828,2884,5364,1
3.332,2,62,5185,43072,2871,5355,1
3.387,2,63,5348,43344,2858,5352,1
3.442,2,64,5515,43615,2840,5354,1
3.497,2,65,5688,43886,2820,5361,1
3.552,2,66,5865,44144,2802,5374,1
3.607,2,67,6048,44395,2781,5392,1
3.662,2,68,6237,44640,2761,5415,1
3.717,2,69,6432,44871,2745,5444,1
3.772,2,70,6633,45097,2726,5477,1
3.827,2,71,6840,45311,2718,5516,1
3.834,2,72,6400,44077,2718,5526,0
3.890,2,73,6188,44379,2708,5556,1
3.945,2,74,6381,44619,2690,5577,1
4.001,2,75,6580,44864,2679,5605,1
4.055,2,76,6360,45086,2665,5639,1
4.110,2,77,6559,45305,2651,5663,1
4.165,2,78,6341,45520,2641,5695,1
4.220,2,79,6131,45725,2628,5718,1
4.275,2,80,6322,45924,2617,5734,1
4.330,2,81,6519,46122,2602,5754,1
4.385,2,82,6722,46309,2595,5780,1
4.440,2,83,6500,46485,2581,5812,1
4.495,2,84,6284,46659,2573,5837,1
4.550,2,85,6076,46822,2558,5853,1
4.605,2,86,6265,46985,2547,5863,1
4.660,2,87,6460,47144,2538,5878,1
4.715,2,88,6661,47296,2526,5898,1
4.769,2,89,6870,47449,2514,5924,1
4.824,2,90,6642,47595,2502,5955,1
4.858,2,91,6420,47068,2510,5979,1
4.913,2,92,6208,47210,2513,5997,1
4.968,2,93,6002,47360,2505,6006,1
5.023,2,94,5802,47513,2495,6009,1
5.079,2,95,5610,47666,2493,6005,1
5.134,2,96,5424,47799,2485,5996,1
5.189,2,97,5593,47937,2475,5982,1
5.244,2,98,5768,48071,2466,5971,1
5.298,2,99,5949,48196,2457,5967,1
5.353,2,100,6134,48321,2448,5969,1
5.408,2,101,6325,48434,2443,5977,1
5.463,2,102,6522,48547,2434,5990,1
5.518,2,103,6725,48660,2425,6009,1
5.573,2,104,6936,48768,2416,6033,1
5.628,2,105,7153,48874,2407,6062,1
5.683,2,106,7376,48977,2397,6099,1
5.738,2,107,7132,49072,2389,6142,1
5.793,2,108,6896,49170,2384,6174,1
5.835,2,109,6666,48850,2385,6199,1
5.890,2,110,6446,48951,2380,6215,1
5.945,2,111,6232,49052,2383,6226,1
6.000,2,112,6026,49148,2378,6228,1
6.055,2,113,5826,49235,2373,6223,1
6.110,2,114,5634,49331,2371,6214,1
6.165,2,115,5448,49413,2365,6199,1
6.220,2,116,5619,49498,2358,6177,1
6.275,2,117,5794,49583,2350,6161,1
6.330,2,118,5975,49666,2344,6151,1
6.384,2,119,5777,49096,2341,6147,1
6.439,2,120,5958,49187,2335,6138,1
6.494,2,121,6145,49281,2334,6134,1
6.549,2,122,6338,49364,2330,6137,1
6.604,2,123,6537,49449,2325,6146,1
6.659,2,124,6742,49527,2319,6161,1
6.714,2,125,6953,49609,2314,6181,1
6.769,2,126,7170,49689,2310,6207,1
6.824,2,127,6932,49768,2307,6239,1
6.835,2,128,6702,48444,2329,6264,1
6.889,2,129,6480,48538,2326,6279,1
6.944,2,130,6266,48651,2326,6287,1
6.999,2,131,6058,48755,2330,6288,1
7.054,2,132,5856,48858,2329,6283,1
7.109,2,133,5662,48954,2324,6271,1
7.164,2,134,5474,49065,2323,6254,1
7.219,2,135,5292,49160,2318,6232,1
7.274,2,136,5116,49254,2315,6205,1
7.329,2,137,4946,49344,2310,6172,1
7.384,2,138,5101,49431,2308,6136,1
7.439,2,139,5260,49513,2307,6107,1
7.493,2,140,5425,49592,2302,6084,1
7.548,2,141,5594,49672,2299,6065,1
7.603,2,142,5769,49745,2298,6053,1
7.658,2,143,5950,49818,2294,6047,1
7.713,2,144,6135,49890,2293,6046,1
7.768,2,145,6326,49956,2290,6050,1
7.823,2,146,6523,50023,2289,6061,1
7.835,2,147,6305,48738,2292,6108,1
7.890,2,148,6095,48840,2290,6116,1
7.944,2,149,6286,48941,2287,6117,1
8.000,2,150,6483,49037,2288,6125,1
8.055,2,151,6686,49127,2295,6138,1
8.109,2,152,6464,49212,2292,6157,1
8.164,2,153,6250,49299,2289,6170,1
8.220,2,154,6042,49392,2291,6175,1
8.274,2,155,6231,49470,2287,6173,1
8.329,2,156,6426,49551,2288,6178,1
8.384,2,157,6627,49627,2288,6188,1
8.439,2,158,6834,49704,2284,6203,1
8.494,2,159,6606,49779,2280,6225,1
8.549,2,160,6388,49849,2276,6239,1
8.604,2,161,6176,49921,2275,6246,1
8.659,2,162,6369,49985,2274,6245,1
8.714,2,163,6568,50050,2276,6250,1
8.768,2,164,6773,50109,2271,6261,1
8.823,2,165,6547,50172,2268,6280,1
8.835,2,166,6329,48861,2271,6292,1
8.889,2,167,6119,48962,2268,6295,1
8.944,2,168,5915,49058,2265,6292,1
8.999,2,169,5719,49152,2263,6283,1
9.054,2,170,5529,49246,2261,6267,1
9.109,2,171,5345,49334,2266,6245,1
9.164,2,172,5167,49416,2262,6220,1
9.219,2,173,4995,49499,2259,6190,1
9.274,2,174,5152,49591,2264,6154,1
9.329,2,175,5313,49667,2261,6125,1
9.384,2,176,5480,49744,2257,6101,1
9.439,2,177,5651,49820,2256,6085,1
9.494,2,178,5828,49887,2254,6074,1
9.549,2,179,6011,49955,2251,6068,1
9.604,2,180,6198,50019,2253,6070,1
9.659,2,181,6391,50080,2263,6076,1
9.713,2,182,6590,50126,2262,6088,1
9.768,2,183,6795,50188,2258,6106,1
9.826,2,184,7008,50253,2331,6131,1
9.864,2,185,6776,49725,2343,6620,1
9.924,2,186,6550,49915,2394,6626,1
9.979,2,187,6332,49945,2403,6625,1
10.033,2,188,6120,50001,2397,6617,1
10.088,2,189,5916,50057,2390,6605,1
10.144,2,190,5720,50119,2394,6587,1
10.199,2,191,5530,50176,2389,6563,1
10.254,2,192,5346,50233,2381,6532,1
10.309,2,193,5168,50304,2381,6497,1
10.364,2,194,4996,50353,2379,6458,1
10.419,2,195,4830,50403,2372,6415,1
10.474,2,196,4670,50454,2367,6368,1
10.529,2,197,4514,50504,2363,6317,1
10.584,2,198,4655,50552,2355,6263,1
10.638,2,199,4800,50596,2348,6214,1
10.693,2,200,4951,50642,2345,6171,1
10.748,2,201,5106,50684,2337,6135,1
10.803,2,202,5265,50728,2335,6106,1
10.835,2,203,5430,50043,2344,6082,1
10.890,2,204,5599,50105,2339,6064,1
10.945,2,205,5774,50162,2335,6053,1
11.000,2,206,5955,50222,2330,6046,1
11.055,2,207,6142,50273,2324,6046,1
11.110,2,208,6333,50328,2320,6052,1
11.165,2,209,6530,50384,2325,6062,1
11.220,2,210,6735,50437,2319,6078,1
11.275,2,211,6946,50488,2314,6101,1
11.330,2,212,7163,50537,2312,6130,1
11.385,2,213,7386,50590,2312,6165,1
11.440,2,214,7617,50633,2310,6205,1
11.495,2,215,7856,50672,2306,6251,1
11.550,2,216,8101,50715,2302,6303,1
11.605,2,217,7831,50756,2302,6362,1
11.660,2,218,7571,50790,2299,6411,1
11.715,2,219,7319,50826,2297,6449,1
11.770,2,220,7077,50857,2294,6479,1
11.825,2,221,6841,50893,2298,6499,1
11.838,2,222,6613,49639,2295,6511,1
11.894,2,223,6393,49718,2296,6517,1
11.948,2,224,6179,49787,2297,6515,1
12.003,2,225,5973,49858,2293,6506,1
12.058,2,226,5775,49923,2293,6491,1
12.113,2,227,5583,49991,2289,6471,1
12.168,2,228,5399,50056,2287,6446,1
12.223,2,229,5219,50115,2290,6415,1
12.279,2,230,5045,50179,2291,6380,1
12.333,2,231,4877,50236,2289,6341,1
12.389,2,232,4715,50303,2292,6298,1
12.444,2,233,4862,50355,2289,6250,1
12.499,2,234,5013,50407,2285,6208,1
12.554,2,235,5170,50181,2289,6172,1
12.609,2,236,5331,50233,2288,6143,1
12.663,2,237,5498,50287,2284,6120,1
12.719,2,238,5669,50341,2284,6103,1
12.773,2,239,5846,50391,2282,6091,1
12.828,2,240,6029,50439,2277,6085,1
12.832,2,241,6018,48899,2277,5932,0
12.888,2,242,6207,49045,2273,5937,1
12.943,2,243,6400,49141,2270,5949,1
12.998,2,244,6601,49231,2271,5965,1
13.053,2,245,6808,49316,2271,5988,1
13.108,2,246,7021,49399,2270,6016,1
13.163,2,247,7240,49477,2271,6050,1
13.218,2,248,7467,49556,2270,6090,1
13.273,2,249,7700,49629,2272,6136,1
13.328,2,250,7941,49706,2274,6187,1
13.383,2,251,7679,49774,2272,6243,1
13.438,2,252,7423,49850,2276,6290,1
13.491,2,253,7175,49916,2276,7718,0
13.547,2,254,6937,50029,2272,7704,1
13.603,2,255,6707,50093,2279,7683,1
13.657,2,256,6483,50144,2279,7655,1
13.712,2,257,6269,50208,2278,7620,1
13.767,2,258,6059,50262,2275,7579,1
13.822,2,259,5857,50315,2272,7533,1
13.834,2,260,5663,49017,2271,7484,1
13.889,2,261,5475,49118,2270,7430,1
13.944,2,262,5293,49210,2268,7371,1
13.999,2,263,5117,49298,2266,7307,1
14.054,2,264,4947,49382,2267,7241,1
14.109,2,265,4783,49462,2264,7171,1
14.164,2,266,4623,49538,2263,7099,1
14.218,2,267,4469,49614,2260,7025,1
14.273,2,268,4319,49689,2257,6948,1
14.328,2,269,4175,49762,2263,6869,1
14.383,2,270,4037,49833,2265,6788,1
14.438,2,271,3903,49898,2265,6703,1
14.494,2,272,3773,49974,2269,6618,1
14.549,2,273,3647,50037,2272,6531,1
14.604,2,274,3525,50097,2270,6443,1
14.659,2,275,3409,50156,2270,6354,1
14.713,2,276,3516,50211,2266,6265,1
14.768,2,277,3625,50268,2262,6181,1
14.823,2,278,3738,50331,2258,6104,1
14.835,2,279,3855,49005,2268,6032,1
14.890,2,280,3976,49104,2265,5967,1
14.944,2,281,4101,49195,2261,5906,1
14.999,2,282,4230,49287,2257,5853,1
15.054,2,283,4363,49374,2253,5806,1
15.109,2,284,4500,49458,2254,5762,1
15.164,2,285,4641,49542,2253,5725,1
15.219,2,286,4786,49619,2251,5694,1
15.274,2,287,4935,49698,2250,5668,1
15.330,2,288,5090,49787,2247,5648,1
15.385,2,289,5249,49861,2252,5633,1
15.440,2,290,5414,49935,2249,5625,1
15.495,2,291,5583,50002,2245,5621,1
15.550,2,292,5758,50076,2251,5622,1
15.605,2,293,5937,50134,2249,5629,1
15.660,2,294,6122,50194,2257,5641,1
15.715,2,295,6313,50241,2259,5658,1
15.770,2,296,6510,50290,2268,5682,1
15.826,2,297,6713,50332,2284,5710,1
15.832,2,298,6700,48932,2284,5704,0
15.889,2,299,6909,49080,2297,5739,1
15.944,2,300,7124,49147,2314,5780,1
15.999,2,301,7347,49215,2316,5825,1
16.054,2,302,7576,49291,2320,5877,1
16.109,2,303,7813,49367,2326,5933,1
16.164,2,304,8058,49433,2345,5993,1
16.219,2,305,8309,49485,2354,6061,1
16.279,2,306,8568,49636,2437,6135,1
16.338,2,307,8282,49693,2506,6214,1
16.398,2,308,8008,49829,2585,6283,1
16.457,2,309,7742,49884,2672,6340,1
16.515,2,310,7484,49889,2778,6387,1
16.572,2,311,7234,49892,2838,6432,1
16.628,2,312,6994,49958,2846,6460,1
16.687,2,313,6762,50089,2859,6480,1
16.747,2,314,6538,50188,2943,6492,1
16.805,2,315,6322,50241,2961,6495,1
16.844,2,316,6112,49568,3149,6496,1
16.897,2,317,5910,49481,3178,6485,1
16.955,2,318,5714,49582,3198,6471,1
17.014,2,319,5524,49696,3220,6449,1
17.075,2,320,5340,49859,3270,6423,1
17.135,2,321,5162,49990,3307,6392,1
17.193,2,322,4990,50086,3320,6357,1
17.253,2,323,4824,50231,3348,6318,1
17.313,2,324,4975,50366,3359,6274,1
17.371,2,325,5130,50475,3367,6235,1
17.430,2,326,5291,50582,3371,6202,1
17.489,2,327,5456,50670,3397,6175,1
17.549,2,328,5627,50772,3410,6155,1
17.608,2,329,5802,50869,3442,6143,1
17.669,2,330,5983,50943,3489,6134,1
17.727,2,331,6170,50982,3502,6131,1
17.786,2,332,6363,51051,3516,6134,1
17.840,2,333,6562,50974,3508,6145,1
17.899,2,334,6767,51044,3529,6160,1
17.958,2,335,6978,51116,3540,6185,1
18.017,2,336,7197,51185,3566,6213,1
18.076,2,337,7422,51245,3580,6248,1
18.135,2,338,7653,51306,3585,6287,1
18.195,2,339,7892,51403,3603,6331,1
18.255,2,340,8139,51492,3616,6382,1
18.314,2,341,8394,51588,3614,6439,1
18.382,2,342,8116,51824,3744,6501,1
18.472,2,343,8369,52738,3843,6556,1
18.532,2,344,8091,52681,3934,6614,1
18.586,2,345,7823,52536,3922,6661,1
18.644,2,346,7563,52536,3935,6699,1
18.708,2,347,7313,52570,4076,6732,1
18.766,2,348,7071,52425,4161,6754,1
18.825,2,349,6837,51312,4176,6769,1
18.841,2,350,6609,50081,4139,6852,1
18.901,2,351,6389,50207,4157,6846,1
18.956,2,352,6177,50220,4122,6834,1
19.012,2,353,5971,50295,4064,6816,1
19.068,2,354,5773,50373,4010,6792,1
19.124,2,355,5581,50443,3963,6762,1
19.182,2,356,5397,50539,3926,6727,1
19.239,2,357,5219,50626,3894,6687,1
19.295,2,358,5045,50697,3846,6642,1
19.352,2,359,4877,50754,3822,6594,1
19.408,2,360,4715,50774,3787,6543,1
19.464,2,361,4559,50824,3748,6487,1
19.519,2,362,4409,50821,3714,6428,1
19.575,2,363,4261,50856,3680,6366,1
19.631,2,364,4394,50882,3652,6302,1
19.687,2,365,4531,50910,3626,6243,1
19.743,2,366,4672,50914,3608,6191,1
19.798,2,367,4819,50908,3578,6144,1
19.860,2,368,4970,50567,4126,6110,1
19.918,2,369,5125,50545,4135,6078,1
19.973,2,370,5286,50513,4128,6053,1
20.028,2,371,5451,50490,4125,6033,1
20.083,2,372,5622,50468,4126,6018,1
20.138,2,373,5797,50448,4125,6011,1
20.193,2,374,5978,50437,4111,6011,1
20.248,2,375,6165,50425,4100,6017,1
20.304,2,376,6358,50422,4094,6026,1
20.359,2,377,6557,50407,4095,6042,1
20.414,2,378,6762,50390,4099,6063,1
20.469,2,379,6973,50370,4097,6090,1
20.524,2,380,7190,50356,4099,6124,1
20.579,2,381,7415,50343,4092,6162,1
20.636,2,382,7646,50356,4104,6206,1
20.690,2,383,7885,50334,4098,6254,1
20.747,2,384,7623,50356,4095,6310,1
20.802,2,385,7371,50341,4096,6355,1
20.840,2,386,7127,49830,4064,6390,1
20.896,2,387,6891,49877,4057,6422,1
20.952,2,388,6661,49879,4079,6444,1
21.008,2,389,6441,49883,4084,6454,1
21.062,2,390,6227,49883,4056,6455,1
21.120,2,391,6021,49950,4075,7816,1
21.175,2,392,5821,49921,4075,7766,1
21.230,2,393,5627,49913,4070,7709,1
21.285,2,394,5439,49911,4058,7651,1
21.346,2,395,5257,50051,4098,7585,1
21.404,2,396,5083,50141,4077,7515,1
21.461,2,397,4915,50243,4033,7442,1
21.518,2,398,4751,50353,3986,7366,1
21.575,2,399,4593,50453,3939,7288,1
21.632,2,400,4439,50565,3900,7207,1
21.689,2,401,4291,50664,3853,7123,1
21.747,2,402,4149,50787,3807,7038,1
21.804,2,403,4011,50898,3768,6951,1
21.836,2,404,3877,50160,3766,6862,1
21.893,2,405,3749,50270,3731,6772,1
21.950,2,406,3696,50379,3696,6680,1
22.008,2,407,3663,50504,3663,6590,1
22.065,2,408,3633,50613,3633,6500,1
22.123,2,409,3602,50725,3602,6412,1
22.180,2,410,3715,50824,3565,6326,1
22.237,2,411,3832,50926,3539,6248,1
22.294,2,412,3951,51013,3507,6176,1
22.352,2,413,4074,51101,3476,6111,1
22.409,2,414,4201,51189,3446,6049,1
22.466,2,415,4332,51281,3415,5993,1
22.523,2,416,4467,51366,3387,5943,1
22.581,2,417,4606,51454,3361,5899,1
22.638,2,418,4749,51542,3341,5861,1
22.696,2,419,4898,51618,3317,5829,1
22.753,2,420,5051,51690,3295,5802,1
22.811,2,421,5208,51780,3275,5781,1
22.838,2,422,5371,50910,3243,5766,1
22.894,2,423,5538,50954,3228,5756,1
22.950,2,424,5711,51003,3201,5752,1
23.006,2,425,5890,51065,3177,5753,1
23.063,2,426,6075,51135,3158,5759,1
23.119,2,427,6264,51189,3128,5771,1
23.175,2,428,6459,51255,3104,5788,1
23.231,2,429,6660,51294,3085,5810,1
23.288,2,430,6869,51356,3065,5838,1
23.344,2,431,7084,51410,3052,5872,1
23.400,2,432,7305,51450,3029,5914,1
23.457,2,433,7534,51505,3020,5961,1
23.513,2,434,7769,51537,3001,6011,1
23.567,2,435,7511,51570,3001,7467,0
23.626,2,436,7261,51672,3002,7471,1
23.682,2,437,7019,51684,2985,7468,1
23.740,2,438,6785,51710,3038,7458,1
23.795,2,439,6561,51674,3033,7440,1
23.836,2,440,6343,51194,3036,7416,1
23.891,2,441,6133,51196,3032,7385,1
23.950,2,442,5929,51238,3095,7350,1
24.005,2,443,5731,51148,3129,7311,1
24.061,2,444,5541,51087,3175,7266,1
24.115,2,445,5357,51028,3191,7218,1
24.171,2,446,5179,51008,3208,7164,1
24.227,2,447,5007,50971,3242,7105,1
24.281,2,448,4841,50923,3265,7044,1
24.337,2,449,4679,50900,3289,6979,1
24.392,2,450,4525,50864,3305,6915,1
24.447,2,451,4375,50824,3321,6848,1
24.502,2,452,4229,50781,3341,6775,1
24.556,2,453,4089,50745,3347,6703,1
24.612,2,454,3953,50727,3362,6627,1
24.667,2,455,3821,50705,3385,6549,1
24.722,2,456,3693,50669,3401,6468,1
24.781,2,457,3569,50672,3494,6385,1
24.834,2,458,3680,50603,3474,6298,1
24.892,2,459,3795,50642,3505,6219,1
24.945,2,460,3914,50589,3479,6145,1
25.000,2,461,4037,50622,3448,6077,1
25.061,2,462,4164,49923,3597,6016,1
25.110,2,463,4295,49794,3561,5961,1
25.167,2,464,4430,49857,3585,5911,1
25.221,2,465,4569,49854,3554,5865,1
25.275,2,466,4712,49905,3520,5827,1
25.330,2,467,4859,49958,3487,5794,1
25.385,2,468,5010,50009,3455,5767,1
25.440,2,469,5167,50060,3422,5745,1
25.494,2,470,5328,50109,3392,5728,1
25.549,2,471,5495,50156,3363,5717,1
25.604,2,472,5666,50202,3335,5712,1
25.659,2,473,5843,50249,3307,5713,1
25.713,2,474,6026,50292,3281,5720,1
25.768,2,475,6215,50332,3254,5732,1
25.823,2,476,6410,50375,3229,5750,1
25.835,2,477,6611,49069,3205,5802,1
25.890,2,478,6818,49153,3185,5829,1
25.945,2,479,7031,49238,3166,5860,1
26.004,2,480,7250,49423,3162,5899,1
26.060,2,481,7477,49533,3152,5943,1
26.117,2,482,7710,49618,3139,5995,1
26.172,2,483,7951,49684,3121,6051,1
26.227,2,484,8200,49749,3098,6113,1
26.282,2,485,8457,49815,3078,6184,1
26.337,2,486,8177,49878,3068,6259,1
26.392,2,487,7905,49928,3048,6324,1
26.447,2,488,7643,49981,3031,6377,1
26.502,2,489,7389,50033,3018,6421,1
26.558,2,490,7143,50077,3011,6457,1
26.612,2,491,6905,50113,2994,6482,1
26.668,2,492,6675,50160,2987,6498,1
26.723,2,493,6453,50196,2983,6506,1
26.777,2,494,6239,50231,2968,6508,1
26.841,2,495,6031,50361,3131,6503,1
26.895,2,496,5831,50335,3124,6492,1
26.951,2,497,5639,50421,3105,6474,1
27.008,2,498,5453,50530,3089,6450,1
27.064,2,499,5273,50570,3072,6420,1
27.119,2,500,5099,50615,3063,6385,1
27.175,2,501,4929,50650,3054,6348,1
27.230,2,502,5084,50668,3038,6306,1
27.284,2,503,5243,50695,3020,6269,1
27.339,2,504,5406,50736,2999,6238,1
27.395,2,505,5575,50775,2982,6215,1
27.449,2,506,5750,50802,2963,6197,1
27.505,2,507,5929,50837,2953,6184,1
27.560,2,508,6114,50857,2941,6178,1
27.614,2,509,6305,50881,2925,6177,1
27.669,2,510,6502,50911,2910,6183,1
27.724,2,511,6705,50933,2897,6194,1
27.779,2,512,6914,50958,2884,6211,1
27.835,2,513,7131,51003,2875,6235,1
27.890,2,514,7354,51021,2862,6265,1
27.945,2,515,7583,51052,2853,6300,1
28.000,2,516,7820,51070,2841,6342,1
28.054,2,517,7560,51087,2829,6391,1
28.109,2,518,7310,51106,2819,6429,1
28.165,2,519,7068,51124,2821,6457,1
28.219,2,520,6834,51127,2813,6477,1
28.274,2,521,6606,51144,2801,6489,1
28.329,2,522,6388,51162,2789,6495,1
28.384,2,523,6176,51177,2779,6493,1
28.438,2,524,5970,51198,2767,6484,1
28.493,2,525,5772,51220,2754,6470,1
28.548,2,526,5580,51234,2744,6451,1
28.603,2,527,5396,51253,2735,6425,1
28.658,2,528,5565,51269,2725,6395,1
28.713,2,529,5738,51279,2719,6370,1
28.768,2,530,5917,51293,2709,6353,1
28.823,2,531,6102,51308,2701,6340,1
28.836,2,532,5900,50038,2691,6385,1
28.891,2,533,5704,50093,2682,6370,1
28.946,2,534,5516,50143,2676,6350,1
29.002,2,535,5334,50200,2675,6325,1
29.056,2,536,5158,50241,2671,6295,1
29.111,2,537,5319,50285,2663,6261,1
29.166,2,538,5486,50332,2656,6234,1
29.221,2,539,5657,50378,2653,6212,1
29.276,2,540,5834,50414,2648,6196,1
29.331,2,541,6017,50454,2644,6187,1
29.386,2,542,6206,50493,2640,6183,1
29.440,2,543,6399,50529,2633,6186,1
29.496,2,544,6185,50579,2648,7594,1
29.551,2,545,5979,50602,2641,7552,1
29.606,2,546,5781,50637,2634,7504,1
29.660,2,547,5589,50667,2625,7452,1
29.715,2,548,5403,50700,2619,7394,1
29.770,2,549,5223,50733,2614,7332,1
29.825,2,550,5049,50766,2608,7267,1
29.835,2,551,4881,49383,2625,7224,1
29.890,2,552,4719,49455,2621,7153,1
29.945,2,553,4561,49528,2614,7079,1
30.000,2,554,4409,49594,2609,7003,1
30.055,2,555,4261,49667,2610,6925,1
30.110,2,556,4119,49726,2607,6843,1
30.165,2,557,3983,49786,2604,6759,1
30.220,2,558,3851,49846,2599,6675,1
30.275,2,559,3723,49907,2600,6589,1
30.330,2,560,3599,49960,2597,6501,1
30.384,2,561,3479,50014,2592,6411,1
30.439,2,562,3363,50066,2585,6321,1
30.494,2,563,3468,50119,2579,6230,1
30.549,2,564,3577,50165,2575,6145,1
30.604,2,565,3688,50212,2571,6066,1
30.658,2,566,3803,50259,2568,5994,1
30.713,2,567,3922,50302,2564,5928,1
30.768,2,568,4045,50344,2561,5867,1
30.823,2,569,4172,50384,2559,5812,1
30.835,2,570,4303,49084,2559,5763,1
30.890,2,571,4438,49164,2556,5719,1
30.944,2,572,4577,49242,2554,5681,1
30.999,2,573,4720,49321,2550,5649,1
31.054,2,574,4867,49394,2549,5621,1
31.109,2,575,5020,49472,2548,5599,1
31.165,2,576,5177,49149,2549,5582,1
31.219,2,577,5338,49223,2546,5571,1
31.275,2,578,5505,49300,2557,5566,1
31.329,2,579,5678,49369,2556,5565,1
31.384,2,580,5855,49440,2550,5569,1
31.439,2,581,6038,49510,2544,5579,1
31.494,2,582,6227,49581,2541,5596,1
31.549,2,583,6422,49654,2538,5617,1
31.603,2,584,6623,49715,2534,5645,1
31.658,2,585,6830,49774,2531,5677,1
31.713,2,586,7043,49834,2530,5715,1
31.768,2,587,7264,49892,2527,5758,1
31.823,2,588,7491,49948,2524,5807,1
31.835,2,589,7726,48670,2525,5870,1
31.890,2,590,7967,48766,2521,5929,1
31.945,2,591,8216,48860,2518,5994,1
32.000,2,592,8473,48949,2516,6066,1
32.054,2,593,8191,49034,2512,6143,1
32.109,2,594,7919,49116,2509,6210,1
32.164,2,595,7655,49203,2509,6264,1
32.219,2,596,7401,49280,2505,6309,1
32.274,2,597,7155,49359,2500,6344,1
32.329,2,598,6917,49435,2511,6412,1
32.384,2,599,6689,49502,2511,6429,1
32.439,2,600,6467,49575,2509,6439,1
32.494,2,601,6253,49649,2505,6442,1
32.549,2,602,6045,49712,2503,6438,1
32.604,2,603,5845,49775,2503,6428,1
32.660,2,604,5651,49848,2514,6412,1
32.715,2,605,5463,49898,2508,6390,1
32.770,2,606,5281,49951,2506,6363,1
32.824,2,607,5105,50003,2504,6331,1
32.836,2,608,4935,48700,2507,6307,1
32.891,2,609,4771,48794,2502,6266,1
32.946,2,610,4613,48903,2500,6220,1
33.002,2,611,4461,49007,2511,6171,1
33.057,2,612,4600,49095,2501,6118,1
33.113,2,613,4743,49176,2507,6073,1
33.168,2,614,4892,49255,2503,6034,1
33.224,2,615,5045,49336,2515,5999,1
33.279,2,616,5202,49414,2517,5971,1
33.334,2,617,5365,49504,2516,5948,1
33.390,2,618,5532,49564,2533,5930,1
33.446,2,619,5705,49624,2537,5925,1
33.502,2,620,5884,49696,2540,5920,1
33.557,2,621,6067,49767,2534,5920,1
33.613,2,622,6256,49843,2524,5927,1
33.669,2,623,6451,49912,2529,5940,1
33.726,2,624,6652,50015,2532,5957,1
33.782,2,625,6859,50081,2527,5979,1
33.836,2,626,7074,50051,2551,6007,1
33.893,2,627,7295,50126,2568,6043,1
33.949,2,628,7522,50205,2563,6083,1
34.005,2,629,7757,50288,2561,6129,1
34.062,2,630,8000,50353,2560,6180,1
34.119,2,631,8251,50427,2567,6245,1
34.175,2,632,8508,50498,2562,6309,1
34.231,2,633,8224,50559,2559,6381,1
34.289,2,634,7950,50665,2576,6440,1
34.345,2,635,7686,50704,2582,6488,1
34.401,2,636,7432,50769,2582,6527,1
34.458,2,637,7186,50833,2591,6556,1
34.513,2,638,6948,50868,2588,6578,1
34.569,2,639,6718,50906,2582,6592,1
34.624,2,640,6494,50933,2581,6597,1
34.680,2,641,6278,50988,2579,6595,1
34.735,2,642,6070,51011,2570,6586,1
34.791,2,643,5868,51073,2561,6571,1
34.839,2,644,5672,50757,2658,6551,1
34.892,2,645,5484,50725,2651,6525,1
34.948,2,646,5302,50771,2647,6493,1
35.003,2,647,5126,50820,2641,6458,1
35.059,2,648,4956,50869,2641,6417,1
35.115,2,649,4792,50912,2634,6372,1
35.170,2,650,4941,50961,2623,6324,1
35.226,2,651,5096,50993,2614,6283,1
35.281,2,652,5255,51032,2604,6248,1
35.336,2,653,5420,51053,2601,6219,1
35.392,2,654,5589,51089,2596,6195,1
35.447,2,655,5764,51108,2587,6177,1
35.502,2,656,5945,51152,2590,6165,1
35.557,2,657,6130,51180,2578,6159,1
35.613,2,658,6321,51216,2575,6159,1
35.668,2,659,6518,51242,2566,6165,1
35.724,2,660,6721,51280,2562,6178,1
35.779,2,661,6932,51309,2554,6197,1
35.837,2,662,7149,51362,2603,6221,1
35.891,2,663,7372,51337,2602,6251,1
35.946,2,664,7603,51356,2598,6287,1
36.002,2,665,7840,51383,2594,6330,1
36.057,2,666,8085,51402,2590,6378,1
36.112,2,667,7817,51424,2584,6432,1
36.167,2,668,7559,51425,2578,6477,1
36.222,2,669,7309,51435,2573,6512,1
36.277,2,670,7067,51452,2570,6540,1
36.332,2,671,6833,51473,2567,6557,1
36.388,2,672,6605,51486,2566,6568,1
36.443,2,673,6387,51501,2560,6570,1
36.498,2,674,6175,51521,2547,6565,1
36.565,2,675,5969,51745,2706,6555,1
36.622,2,676,5771,51734,2711,6540,1
36.678,2,677,5579,51758,2709,6518,1
36.735,2,678,5395,51805,2716,6491,1
36.791,2,679,5564,51838,2712,6460,1
36.836,2,680,5737,51525,2698,6435,1
36.891,2,681,5916,51547,2687,6415,1
36.947,2,682,6101,51577,2677,6402,1
37.002,2,683,6292,51598,2667,6395,1
37.057,2,684,6489,51628,2655,6394,1
37.113,2,685,6692,51647,2639,6399,1
37.168,2,686,6901,51664,2624,6410,1
37.224,2,687,7116,51698,2619,6427,1
37.280,2,688,7339,51742,2616,6450,1
37.336,2,689,7095,51774,2609,6480,1
37.392,2,690,6859,51321,2614,6502,1
37.448,2,691,6631,51354,2604,6515,1
37.503,2,692,6411,51391,2601,6521,1
37.560,2,693,6199,51451,2598,6521,1
37.615,2,694,5993,51471,2593,6515,1
37.671,2,695,5793,51508,2594,6502,1
37.727,2,696,5601,51530,2606,6483,1
37.783,2,697,5415,51552,2603,6459,1
37.837,2,698,5584,51514,2616,6430,1
37.892,2,699,5759,51524,2627,6406,1
37.948,2,700,5938,51562,2630,6387,1
38.004,2,701,6123,51607,2621,6376,1
38.060,2,702,6314,51642,2615,6370,1
38.117,2,703,6511,51687,2622,6371,1
38.173,2,704,6714,51719,2617,6377,1
38.229,2,705,6923,51747,2609,6389,1
38.284,2,706,7140,51751,2596,6408,1
38.339,2,707,7363,51762,2584,6433,1
38.403,2,708,7594,51771,2862,6464,1
38.449,2,709,7342,51489,2852,6501,1
38.504,2,710,7098,51392,2835,6530,1
38.559,2,711,6862,51409,2816,6551,1
38.614,2,712,6634,51440,2804,6563,1
38.669,2,713,6414,51451,2790,6568,1
38.724,2,714,6202,51465,2771,6565,1
38.779,2,715,5996,51484,2754,6557,1
38.839,2,716,5796,51523,2869,6541,1
38.891,2,717,5604,51439,2855,6520,1
38.946,2,718,5418,51454,2838,6495,1
39.001,2,719,5238,51471,2818,6464,1
39.056,2,720,5401,51487,2800,6427,1
39.111,2,721,5570,51502,2784,6397,1
39.166,2,722,5745,51513,2769,6374,1
39.221,2,723,5924,51527,2754,6357,1
39.275,2,724,6109,51540,2735,6345,1
39.330,2,725,6300,51556,2718,6340,1
39.385,2,726,6497,51568,2704,6342,1
39.440,2,727,6700,51587,2689,6350,1
39.495,2,728,6909,51600,2674,6362,1
39.550,2,729,7124,51615,2658,6382,1
39.605,2,730,7347,51626,2647,6408,1
39.661,2,731,7576,51650,2646,6439,1
39.716,2,732,7324,51649,2638,6476,1
39.771,2,733,7080,51656,2623,6506,1
39.826,2,734,6844,51672,2607,6527,1
39.834,2,735,6616,50277,2539,6539,1
39.891,2,736,6396,50384,2543,6543,1
39.946,2,737,6182,50426,2532,6540,1
40.001,2,738,5976,50477,2524,6530,1
40.055,2,739,5778,50523,2513,6516,1
40.110,2,740,5586,50570,2501,6496,1
40.165,2,741,5400,50614,2492,6471,1
40.220,2,742,5220,50663,2486,6440,1
40.275,2,743,5046,50705,2476,6405,1
40.330,2,744,4878,50745,2467,6364,1
40.385,2,745,5031,50787,2459,6321,1
40.440,2,746,5188,50823,2454,6283,1
40.495,2,747,5351,50860,2448,6252,1
40.550,2,748,5518,50892,2443,6227,1
40.605,2,749,5691,50926,2436,6206,1
40.660,2,750,5868,50958,2428,6192,1
40.715,2,751,6051,51002,2428,6185,1
40.770,2,752,6240,51034,2422,6183,1
40.825,2,753,6435,51066,2415,6188,1
40.832,2,754,6422,49646,2415,6171,0
40.889,2,755,6623,49771,2415,6180,1
40.943,2,756,6830,49834,2408,6197,1
40.998,2,757,7043,49903,2402,6218,1
41.053,2,758,7264,49968,2400,6246,1
41.108,2,759,7022,50027,2400,6281,1
41.163,2,760,6788,50085,2397,6306,1
41.218,2,761,6564,50144,2394,6324,1
41.273,2,762,6346,50202,2387,6334,1
41.328,2,763,6136,50265,2383,6337,1
41.383,2,764,5932,50322,2377,6334,1
41.438,2,765,5734,50379,2370,6325,1
41.493,2,766,5544,50435,2370,6309,1
41.548,2,767,5717,50487,2362,6289,1
41.603,2,768,5896,50536,2356,6273,1
41.658,2,769,6081,50582,2354,6263,1
41.713,2,770,6272,50626,2352,6259,1
41.769,2,771,6469,50680,2356,6262,1
41.824,2,772,6672,50720,2351,6271,1
41.835,2,773,6450,49365,2383,6286,1
41.889,2,774,6236,49428,2382,6293,1
41.944,2,775,6030,49506,2376,6295,1
41.999,2,776,5830,49585,2374,6288,1
42.054,2,777,5638,49660,2371,6277,1
42.109,2,778,5452,49733,2364,6260,1
42.164,2,779,5272,49803,2358,6237,1
42.219,2,780,5437,49870,2357,6209,1
42.274,2,781,5606,49941,2352,6187,1
42.329,2,782,5781,50006,2349,6172,1
42.384,2,783,5962,50068,2344,6162,1
42.439,2,784,6149,50131,2338,6158,1
42.494,2,785,6342,50193,2334,6161,1
42.549,2,786,6541,50252,2331,6168,1
42.604,2,787,6746,50309,2327,6183,1
42.659,2,788,6957,50361,2323,6203,1
42.714,2,789,7174,50415,2322,6229,1
42.769,2,790,7399,50464,2318,6260,1
42.824,2,791,7630,50523,2323,6298,1
42.832,2,792,7140,49151,2323,6308,0
42.888,2,793,6902,49289,2320,6339,1
42.943,2,794,6672,49375,2318,6359,1
42.998,2,795,6450,49457,2313,6372,1
43.053,2,796,6236,49536,2309,6377,1
43.108,2,797,6030,49615,2308,6374,1
43.164,2,798,5830,49694,2318,6365,1
43.219,2,799,5638,49773,2320,6351,1
43.276,2,800,5452,49890,2329,6331,1
43.331,2,801,5272,49968,2325,6309,1
43.386,2,802,5098,50030,2322,6280,1
43.441,2,803,5257,50094,2318,6245,1
43.496,2,804,5422,49956,2320,6217,1
43.551,2,805,5591,50012,2317,6195,1
43.606,2,806,5766,50072,2314,6178,1
43.661,2,807,5947,50131,2309,6167,1
43.716,2,808,6132,50193,2306,6161,1
43.771,2,809,6323,50249,2302,6163,1
43.826,2,810,6520,50306,2300,6171,1
43.836,2,811,6302,48959,2316,6184,1
43.892,2,812,6092,49054,2328,6191,1
43.946,2,813,5890,49140,2322,6190,1
44.002,2,814,5696,49233,2321,6182,1
44.056,2,815,5508,49317,2319,6169,1
44.111,2,816,5681,49400,2313,6151,1
44.166,2,817,5858,49481,2310,6138,1
44.221,2,818,6041,49561,2308,6131,1
44.276,2,819,6230,49640,2306,6131,1
44.331,2,820,6425,49714,2305,6137,1
44.386,2,821,6626,49785,2301,6147,1
44.441,2,822,6833,49857,2298,6164,1
44.496,2,823,7046,49927,2295,6187,1
44.551,2,824,7267,49993,2294,6216,1
44.606,2,825,7494,50055,2291,6251,1
44.661,2,826,7246,50126,2290,6292,1
44.716,2,827,7006,50186,2288,6325,1
44.771,2,828,6774,50241,2286,6348,1
44.826,2,829,6548,50295,2284,6363,1
44.832,2,830,6126,48883,2284,6324,0
44.889,2,831,5922,49037,2291,6319,1
44.944,2,832,5726,49126,2298,6309,1
44.999,2,833,5536,49215,2296,6293,1
45.054,2,834,5352,49302,2296,6273,1
45.109,2,835,5174,49384,2292,6247,1
45.163,2,836,5002,49466,2290,6215,1
45.218,2,837,5159,49548,2287,6180,1
45.273,2,838,5320,49625,2285,6151,1
45.328,2,839,5487,49706,2283,6127,1
45.383,2,840,5658,49770,2280,6108,1
45.438,2,841,5835,49843,2277,6097,1
45.493,2,842,6018,49913,2273,6091,1
45.548,2,843,6207,49981,2273,6092,1
45.603,2,844,6400,50042,2270,6099,1
45.658,2,845,6601,50102,2265,6111,1
45.713,2,846,6808,50166,2262,6129,1
45.768,2,847,7021,50230,2262,6153,1
45.823,2,848,7240,50283,2259,6182,1
45.834,2,849,7000,48966,2258,6219,1
45.889,2,850,6768,49063,2257,6246,1
45.944,2,851,6542,49162,2263,6266,1
45.999,2,852,6326,49251,2261,6276,1
46.054,2,853,6116,49338,2261,6280,1
46.109,2,854,5912,49421,2259,6278,1
46.164,2,855,5716,49502,2256,6269,1
46.219,2,856,5526,49579,2254,6254,1
46.274,2,857,5342,49656,2253,6233,1
46.329,2,858,5509,49730,2252,6208,1
46.384,2,859,5682,49801,2252,6189,1
46.439,2,860,5859,49869,2251,6176,1
46.494,2,861,6042,49935,2253,6168,1
46.549,2,862,6231,50001,2253,6166,1
46.604,2,863,6426,50062,2253,6171,1
46.659,2,864,6627,50126,2254,6182,1
46.714,2,865,6834,50190,2252,6198,1
46.769,2,866,7047,50248,2250,6220,1
46.824,2,867,7268,50306,2249,6249,1
46.831,2,868,6800,48960,2249,6280,0
46.888,2,869,6574,49109,2250,6299,1
46.943,2,870,6356,49203,2247,6311,1
46.999,2,871,6146,49301,2256,6315,1
47.053,2,872,5942,49383,2254,6313,1
47.108,2,873,5744,49462,2254,6303,1
47.163,2,874,5552,49542,2252,6289,1
47.218,2,875,5368,49622,2250,6267,1
47.273,2,876,5190,49695,2252,6241,1
47.328,2,877,5353,49763,2250,6211,1
47.383,2,878,5520,49839,2247,6186,1
47.438,2,879,5693,49910,2246,6168,1
47.493,2,880,5870,49975,2246,6156,1
47.548,2,881,6053,50040,2245,6149,1
47.603,2,882,6242,50100,2243,6150,1
47.658,2,883,6437,50166,2245,6156,1
47.713,2,884,6638,50221,2244,6167,1
47.768,2,885,6845,50280,2243,6184,1
47.823,2,886,7058,50333,2241,6206,1
47.835,2,887,6824,49037,2247,6236,1
47.890,2,888,6598,49128,2247,6257,1
47.945,2,889,6380,49217,2243,6269,1
48.000,2,890,6168,49306,2241,6274,1
48.055,2,891,5964,49396,2247,6273,1
48.110,2,892,5766,49478,2248,6266,1
48.165,2,893,5576,49558,2246,6252,1
48.221,2,894,5392,49640,2248,6233,1
48.275,2,895,5561,49711,2249,6210,1
48.330,2,896,5734,49781,2249,6193,1
48.385,2,897,5913,49849,2247,6182,1
48.440,2,898,6098,49915,2244,6177,1
48.495,2,899,6289,49982,2245,6178,1
48.550,2,900,6486,50044,2243,6183,1
48.605,2,901,6689,50101,2243,6194,1
48.660,2,902,6898,50160,2245,6212,1
48.715,2,903,7113,50219,2243,6235,1
48.770,2,904,7336,50276,2241,6266,1
48.825,2,905,7092,50330,2244,6302,1
48.832,2,906,6636,48953,2244,6300,0
48.889,2,907,6416,49104,2254,6313,1
48.944,2,908,6204,49187,2254,6320,1
48.999,2,909,5998,49277,2253,6319,1
49.054,2,910,5798,49362,2252,6311,1
49.109,2,911,5606,49454,2257,6296,1
49.164,2,912,5420,49532,2256,6276,1
49.219,2,913,5240,49613,2256,6252,1
49.274,2,914,5066,49693,2255,6224,1
49.329,2,915,5225,49766,2252,6191,1
49.384,2,916,5388,49834,2253,6164,1
49.439,2,917,5557,49903,2251,6142,1
49.494,2,918,5730,49867,2253,6127,1
49.549,2,919,5909,49935,2257,6117,1
49.604,2,920,6094,50000,2257,6112,1
49.659,2,921,6285,50064,2258,6113,1
49.714,2,922,6482,50125,2258,6121,1
49.769,2,923,6685,50187,2258,6134,1
49.824,2,924,6894,50244,2255,6154,1
49.832,2,925,6664,48904,2190,6180,1
49.888,2,926,6444,49056,2193,6199,1
49.943,2,927,6230,49148,2192,6210,1
49.998,2,928,6024,49239,2194,6212,1
50.053,2,929,5824,49322,2192,6208,1
50.108,2,930,5632,49405,2190,6198,1
50.164,2,931,5809,49494,2199,6184,1
50.219,2,932,5990,49571,2205,6174,1
50.273,2,933,6177,49640,2205,6170,1
50.328,2,934,6370,49717,2203,6172,1
50.383,2,935,6569,49788,2204,6180,1
50.438,2,936,6774,49858,2206,6195,1
50.493,2,937,6985,49926,2206,6216,1
50.548,2,938,7204,49990,2204,6242,1
50.603,2,939,6964,50056,2203,6274,1
50.658,2,940,6732,50111,2206,6297,1
50.713,2,941,6510,50171,2204,6313,1
50.768,2,942,6294,50229,2205,6322,1
50.823,2,943,6086,50285,2205,6323,1
50.834,2,944,5884,48971,2208,6356,1
50.889,2,945,5688,49062,2208,6344,1
50.944,2,946,5498,49161,2208,6326,1
50.999,2,947,5314,49250,2207,6303,1
51.054,2,948,5138,49335,2208,6273,1
51.109,2,949,4968,49419,2210,6239,1
51.164,2,950,4802,49499,2209,6202,1
51.219,2,951,4953,49585,2219,6161,1
51.274,2,952,5108,49656,2217,6126,1
51.329,2,953,5267,49731,2219,6096,1
51.384,2,954,5432,49800,2218,6072,1
51.438,2,955,5601,49867,2215,6053,1
51.493,2,956,5776,49935,2215,6042,1
51.549,2,957,5957,50004,2215,6037,1
51.603,2,958,6144,50065,2213,6037,1
51.658,2,959,6337,50128,2213,6043,1
51.713,2,960,6536,50190,2214,6054,1
51.768,2,961,6741,50246,2213,6072,1
51.823,2,962,6952,50304,2212,6094,1
51.835,2,963,7169,49015,2220,6124,1
51.890,2,964,6931,49103,2219,6160,1
51.945,2,965,6701,49194,2221,6186,1
52.000,2,966,6479,49285,2220,6204,1
52.055,2,967,6265,49372,2217,6214,1
52.110,2,968,6057,49451,2215,6218,1
52.165,2,969,5855,49538,2214,6215,1
52.220,2,970,5661,49615,2212,6207,1
52.275,2,971,5838,49700,2220,6192,1
52.330,2,972,6021,49770,2225,6184,1
52.386,2,973,6210,49844,2227,6182,1
52.440,2,974,6405,49911,2226,6186,1
52.495,2,975,6606,49981,2225,6195,1
52.550,2,976,6813,50046,2224,6211,1
52.605,2,977,7026,50112,2226,6232,1
52.660,2,978,7245,50172,2230,6259,1
52.715,2,979,7005,50229,2228,6293,1
52.770,2,980,6773,50283,2228,6318,1
52.825,2,981,6547,50334,2226,6334,1
52.832,2,982,6125,48940,2226,6315,0
52.888,2,983,5921,49090,2231,6312,1
52.943,2,984,5725,49179,2229,6303,1
52.998,2,985,5535,49269,2228,6288,1
53.053,2,986,5351,49357,2229,6267,1
53.108,2,987,5173,49445,2227,6241,1
53.163,2,988,5001,49524,2230,6210,1
53.219,2,989,5158,49617,2258,6174,1
53.274,2,990,5319,49667,2264,6146,1
53.329,2,991,5486,49735,2273,6123,1
53.384,2,992,5657,49804,2274,6105,1
53.439,2,993,5834,49876,2272,6093,1
53.494,2,994,6017,49947,2269,6086,1
53.549,2,995,6206,50009,2270,6087,1
53.604,2,996,6399,50074,2267,6093,1
53.659,2,997,6598,50137,2263,6105,1
53.714,2,998,6805,50197,2264,6123,1
53.769,2,999,7018,50250,2261,6147,1
53.824,2,1000,7237,50304,2262,6176,1
53.832,2,1001,6997,48961,2262,6209,0
53.889,2,1002,6765,49112,2264,6235,1
53.944,2,1003,6539,49200,2265,6253,1
53.998,2,1004,6323,49287,2264,6265,1
54.054,2,1005,6113,49376,2265,6268,1
54.108,2,1006,5909,49459,2261,6265,1
54.163,2,1007,5713,49540,2258,6255,1
54.218,2,1008,5523,49616,2257,6241,1
54.273,2,1009,5339,49694,2257,6223,1
54.329,2,1010,5506,49776,2261,6197,1
54.384,2,1011,5679,49842,2266,6178,1
54.439,2,1012,5856,49906,2264,6165,1
54.494,2,1013,6039,49972,2266,6158,1
54.548,2,1014,6228,50033,2264,6156,1
54.603,2,1015,6423,50091,2267,6160,1
54.658,2,1016,6624,50150,2270,6169,1
54.714,2,1017,6831,50208,2272,6186,1
54.768,2,1018,7044,50260,2271,6209,1
54.823,2,1019,7265,50315,2268,6238,1
54.832,2,1020,7023,48978,2204,6272,1
54.889,2,1021,6789,49128,2207,6297,1
54.943,2,1022,6565,49216,2206,6316,1
54.998,2,1023,6347,49307,2206,6327,1
55.053,2,1024,6137,49397,2206,6330,1
55.108,2,1025,5933,49478,2205,6327,1
55.163,2,1026,5735,49558,2207,6317,1
55.218,2,1027,5545,49637,2210,6301,1
55.273,2,1028,5361,49711,2212,6279,1
55.328,2,1029,5183,49788,2212,6252,1
55.384,2,1030,5009,49714,2222,6221,1
55.438,2,1031,5166,49781,2222,6185,1
55.493,2,1032,5327,49855,2220,6156,1
55.548,2,1033,5494,49928,2217,6133,1
55.604,2,1034,5665,49995,2219,6116,1
55.658,2,1035,5842,50055,2217,6105,1
55.713,2,1036,6025,50117,2215,6098,1
55.768,2,1037,6214,50181,2213,6098,1
55.823,2,1038,6409,50240,2215,6104,1
55.835,2,1039,6197,48942,2223,6131,1
55.890,2,1040,5991,49033,2225,6136,1
55.945,2,1041,6178,49125,2224,6134,1
56.000,2,1042,6371,49220,2225,6137,1
56.055,2,1043,6570,49305,2223,6147,1
56.110,2,1044,6775,49389,2226,6163,1
56.165,2,1045,6549,49469,2226,6184,1
56.220,2,1046,6331,49547,2228,6198,1
56.275,2,1047,6119,49622,2227,6204,1
56.330,2,1048,6310,49701,2227,6203,1
56.385,2,1049,6507,49776,2223,6207,1
56.440,2,1050,6710,49856,2234,6220,1
56.495,2,1051,6919,49920,2232,6238,1
56.550,2,1052,6689,49982,2233,6261,1
56.605,2,1053,6467,50047,2231,6276,1
56.660,2,1054,6253,50109,2232,6283,1
56.715,2,1055,6045,50170,2234,6284,1
56.770,2,1056,5845,50225,2234,6279,1
56.824,2,1057,6028,50279,2232,6269,1
56.832,2,1058,5828,48909,2167,6264,1
56.889,2,1059,5636,49073,2176,6253,1
56.944,2,1060,5450,49159,2177,6237,1
56.999,2,1061,5270,49252,2200,6215,1
57.054,2,1062,5096,49318,2203,6188,1
57.109,2,1063,5255,49400,2203,6156,1
57.164,2,1064,5420,49479,2205,6129,1
57.218,2,1065,5589,49556,2206,6108,1
57.273,2,1066,5764,49634,2205,6095,1
57.328,2,1067,5945,49713,2206,6088,1
57.383,2,1068,6130,49780,2206,6086,1
57.438,2,1069,6321,49852,2204,6091,1
57.494,2,1070,6518,49927,2215,6101,1
57.549,2,1071,6721,49991,2216,6116,1
57.603,2,1072,6932,50053,2214,6138,1
57.659,2,1073,7149,50120,2218,6166,1
57.713,2,1074,7372,50172,2217,6200,1
57.768,2,1075,7603,50228,2215,6239,1
57.823,2,1076,7840,50284,2218,6285,1
57.832,2,1077,7336,48949,2218,6325,0
57.888,2,1078,7092,49092,2217,6358,1
57.943,2,1079,6856,49183,2215,6382,1
57.998,2,1080,6630,49274,2219,6399,1
58.053,2,1081,6410,49361,2218,6409,1
58.108,2,1082,6198,49447,2217,6412,1
58.163,2,1083,5992,49528,2216,6407,1
58.218,2,1084,5792,49607,2217,6397,1
58.273,2,1085,5600,49681,2219,6380,1
58.328,2,1086,5414,49754,2221,6359,1
58.383,2,1087,5234,49825,2223,6333,1
58.438,2,1088,5060,49894,2224,6301,1
58.493,2,1089,4892,49960,2224,6264,1
58.548,2,1090,5045,50034,2234,6224,1
58.603,2,1091,5202,50091,2237,6189,1
58.658,2,1092,5365,50148,2236,6160,1
58.713,2,1093,5532,50207,2233,6137,1
58.767,2,1094,5705,50264,2231,6121,1
58.822,2,1095,5884,50319,2229,6111,1
58.835,2,1096,5688,49012,2262,6162,1
58.889,2,1097,5498,49076,2258,6149,1
58.944,2,1098,5669,49167,2257,6131,1
58.999,2,1099,5846,49256,2254,6120,1
59.054,2,1100,6029,49341,2259,6116,1
59.109,2,1101,6218,49418,2257,6115,1
59.164,2,1102,6413,49502,2255,6122,1
59.219,2,1103,6614,49584,2254,6134,1
59.274,2,1104,6821,49661,2252,6152,1
59.329,2,1105,7034,49737,2249,6176,1
59.384,2,1106,7253,49811,2249,6205,1
59.439,2,1107,7013,49883,2245,6240,1
59.493,2,1108,6779,49951,2243,6267,1
59.548,2,1109,6553,50016,2244,6284,1
59.604,2,1110,6335,50085,2255,6294,1
59.659,2,1111,6123,50138,2258,6298,1
59.714,2,1112,5919,50194,2257,6294,1
59.769,2,1113,5723,50251,2257,6283,1
59.823,2,1114,5902,50309,2255,6269,1
59.835,2,1115,5706,49011,2262,6288,1
59.890,2,1116,5518,49099,2264,6271,1
59.946,2,1117,5336,49198,2280,6250,1
60.001,2,1118,5160,49274,2280,6225,1
60.056,2,1119,4988,49357,2286,6195,1
60.111,2,1120,5143,49434,2287,6160,1
60.166,2,1121,5304,49512,2285,6130,1
60.221,2,1122,5469,49587,2281,6106,1
60.276,2,1123,5640,49667,2280,6088,1
60.331,2,1124,5817,49738,2279,6076,1
60.386,2,1125,5998,49810,2278,6071,1
60.441,2,1126,6185,49879,2276,6072,1
60.495,2,1127,6378,49943,2276,6079,1
60.550,2,1128,6577,50007,2278,6091,1
60.605,2,1129,6782,50068,2276,6109,1
60.661,2,1130,6993,50136,2283,6133,1
60.716,2,1131,7212,50189,2280,6163,1
60.771,2,1132,7437,50246,2278,6198,1
60.825,2,1133,7670,50302,2273,6239,1
60.832,2,1134,7176,48914,2273,6228,0
60.889,2,1135,6938,49064,2274,6260,1
60.944,2,1136,6708,49157,2271,6285,1
60.999,2,1137,6484,49248,2272,6300,1
61.054,2,1138,6270,49332,2272,6308,1
61.108,2,1139,6060,49413,2269,6310,1
61.163,2,1140,5858,49498,2266,6304,1
61.218,2,1141,5664,49469,2264,6292,1
61.273,2,1142,5476,49547,2264,6274,1
61.328,2,1143,5294,49627,2266,6251,1
61.383,2,1144,5118,49701,2263,6223,1
61.438,2,1145,5277,49775,2260,6191,1
61.493,2,1146,5442,49845,2259,6165,1
61.548,2,1147,5613,49911,2255,6145,1
61.603,2,1148,5788,49977,2252,6132,1
61.658,2,1149,5969,50038,2249,6123,1
61.713,2,1150,6156,50107,2256,6121,1
61.768,2,1151,6349,50166,2256,6125,1
61.823,2,1152,6548,50223,2254,6134,1
61.835,2,1153,6330,48895,2277,6169,1
61.890,2,1154,6120,48989,2278,6176,1
61.945,2,1155,5916,49081,2278,6176,1
62.000,2,1156,5720,49172,2277,6171,1
62.054,2,1157,5530,49258,2275,6159,1
62.109,2,1158,5703,49347,2274,6141,1
62.165,2,1159,5882,49438,2276,6130,1
62.220,2,1160,6065,49518,2274,6124,1
62.275,2,1161,6254,49595,2271,6123,1
62.329,2,1162,6449,49674,2267,6129,1
62.384,2,1163,6650,49749,2263,6142,1
62.439,2,1164,6857,49823,2261,6160,1
62.494,2,1165,7072,49887,2259,6183,1
62.549,2,1166,7293,49956,2261,6213,1
62.604,2,1167,7520,50017,2261,6249,1
62.659,2,1168,7270,50082,2263,6292,1
62.715,2,1169,7028,50148,2272,6324,1
62.769,2,1170,6794,50197,2276,6349,1
62.824,2,1171,6570,50250,2278,6366,1
62.832,2,1172,6352,48886,2278,6373,0
62.888,2,1173,6142,49033,2278,6374,1
62.943,2,1174,5938,49126,2278,6369,1
62.998,2,1175,5740,49215,2279,6357,1
63.053,2,1176,5550,49305,2278,6340,1
63.108,2,1177,5366,49388,2274,6318,1
63.163,2,1178,5188,49469,2270,6292,1
63.218,2,1179,5016,49550,2268,6260,1
63.273,2,1180,4850,49625,2266,6223,1
63.328,2,1181,5001,49699,2262,6182,1
63.383,2,1182,5158,49777,2261,6147,1
63.438,2,1183,5319,49851,2259,6118,1
63.493,2,1184,5486,49926,2256,6096,1
63.548,2,1185,5657,49994,2257,6080,1
63.603,2,1186,5834,50056,2258,6069,1
63.658,2,1187,6017,50117,2256,6064,1
63.713,2,1188,6206,50177,2254,6065,1
63.768,2,1189,6399,50242,2261,6073,1
63.823,2,1190,6598,50295,2263,6086,1
63.835,2,1191,6805,49005,2270,6115,1
63.890,2,1192,6579,49095,2270,6139,1
63.945,2,1193,6359,49187,2271,6156,1
64.000,2,1194,6149,49274,2268,6165,1
64.055,2,1195,6342,49357,2266,6167,1
64.110,2,1196,6541,49441,2266,6176,1
64.165,2,1197,6746,49518,2268,6189,1
64.220,2,1198,6522,49593,2266,6208,1
64.275,2,1199,6304,49669,2266,6220,1
64.330,2,1200,6094,49743,2265,6226,1
64.385,2,1201,6285,49813,2267,6224,1
64.440,2,1202,6482,49884,2263,6228,1
64.495,2,1203,6685,49954,2263,6239,1
64.550,2,1204,6463,50020,2259,6256,1
64.605,2,1205,6247,50081,2256,6265,1
64.660,2,1206,6442,50140,2256,6266,1
64.715,2,1207,6643,50202,2254,6274,1
64.770,2,1208,6421,50256,2257,6289,1
64.825,2,1209,6209,50317,2265,6295,1
64.832,2,1210,5809,48922,2265,6276,0
64.889,2,1211,5615,49078,2270,6263,1
64.943,2,1212,5429,49167,2268,6246,1
64.999,2,1213,5249,49260,2269,6224,1
65.054,2,1214,5075,49348,2271,6196,1
65.109,2,1215,5234,49431,2272,6163,1
65.163,2,1216,5397,49511,2269,6137,1
65.218,2,1217,5566,49588,2268,6115,1
65.273,2,1218,5739,49663,2268,6100,1
65.329,2,1219,5918,49757,2266,6091,1
65.384,2,1220,6103,49825,2269,6088,1
65.439,2,1221,6294,49888,2264,6092,1
65.494,2,1222,6491,49955,2260,6101,1
65.549,2,1223,6694,50018,2262,6115,1
65.604,2,1224,6903,50078,2261,6136,1
65.659,2,1225,7118,50141,2263,6162,1
65.714,2,1226,7341,50200,2261,6195,1
65.769,2,1227,7570,50256,2263,6234,1
65.824,2,1228,7807,50312,2264,6279,1
65.832,2,1229,7305,48970,2264,6313,0
65.889,2,1230,7063,49122,2274,6347,1
65.944,2,1231,6829,49205,2276,6372,1
65.998,2,1232,6601,49289,2276,6389,1
66.053,2,1233,6383,49376,2273,6398,1
66.108,2,1234,6171,49460,2270,6399,1
66.163,2,1235,5967,49541,2270,6394,1
66.218,2,1236,5769,49618,2271,6382,1
66.273,2,1237,5579,49692,2267,6365,1
66.328,2,1238,5395,49765,2264,6343,1
66.383,2,1239,5217,49837,2261,6316,1
66.438,2,1240,5043,49908,2262,6284,1
66.493,2,1241,4875,49974,2260,6249,1
66.548,2,1242,5028,50036,2258,6207,1
66.603,2,1243,5185,50098,2258,6172,1
66.658,2,1244,5348,50160,2258,6144,1
66.713,2,1245,5515,50219,2255,6121,1
66.768,2,1246,5688,50270,2253,6105,1
66.823,2,1247,5865,50322,2251,6093,1
66.834,2,1248,5669,49009,2261,6141,1
66.889,2,1249,5846,49100,2259,6128,1
66.945,2,1250,6029,49198,2268,6122,1
66.999,2,1251,6218,49280,2265,6122,1
67.054,2,1252,6413,49271,2267,6127,1
67.109,2,1253,6614,49353,2265,6137,1
67.164,2,1254,6821,49433,2264,6155,1
67.217,2,1255,6595,49517,2264,7591,0
67.274,2,1256,6377,49645,2266,7562,1
67.328,2,1257,6165,49720,2264,7528,1
67.383,2,1258,5961,49791,2265,7488,1
67.438,2,1259,5763,49859,2264,7443,1
67.493,2,1260,5573,49924,2266,7392,1
67.548,2,1261,5389,49987,2266,7338,1
67.603,2,1262,5211,50050,2264,7279,1
67.658,2,1263,5039,50109,2265,7216,1
67.713,2,1264,4871,50167,2260,7151,1
67.768,2,1265,4709,50230,2256,7081,1
67.823,2,1266,4553,50285,2252,7010,1
67.834,2,1267,4403,48969,2254,6935,1
67.889,2,1268,4257,49055,2255,6859,1
67.944,2,1269,4115,49145,2255,6780,1
67.999,2,1270,3979,49244,2263,6700,1
68.054,2,1271,3847,49320,2260,6617,1
68.109,2,1272,3719,49405,2258,6532,1
68.164,2,1273,3597,49484,2256,6447,1
68.219,2,1274,3479,49563,2256,6361,1
68.274,2,1275,3363,49637,2258,6274,1
68.329,2,1276,3468,49712,2259,6186,1
68.384,2,1277,3577,49788,2255,6104,1
68.438,2,1278,3688,49861,2251,6027,1
68.494,2,1279,3803,49931,2250,5955,1
68.549,2,1280,3922,49995,2250,5891,1
68.604,2,1281,4045,50062,2250,5833,1
68.659,2,1282,4172,50125,2248,5779,1
68.714,2,1283,4303,50186,2244,5731,1
68.768,2,1284,4438,50239,2246,5689,1
68.824,2,1285,4577,50296,2249,5652,1
68.835,2,1286,4720,49001,2249,5621,1
68.890,2,1287,4867,49101,2247,5596,1
68.945,2,1288,5020,49194,2243,5576,1
69.000,2,1289,5177,49283,2241,5560,1
69.056,2,1290,5338,49369,2250,5551,1
69.110,2,1291,5505,49446,2248,5547,1
69.166,2,1292,5678,49526,2250,5549,1
69.221,2,1293,5855,49601,2248,5555,1
69.275,2,1294,6038,49675,2244,5567,1
69.330,2,1295,6227,49753,2244,5585,1
69.385,2,1296,6422,49822,2242,5607,1
69.440,2,1297,6623,49888,2243,5635,1
69.495,2,1298,6830,49955,2240,5670,1
69.550,2,1299,7043,50019,2240,5709,1
69.605,2,1300,7264,50081,2239,5752,1
69.660,2,1301,7491,50144,2239,5802,1
69.715,2,1302,7726,50201,2237,5856,1
69.770,2,1303,7967,50263,2240,5917,1
69.825,2,1304,8216,50314,2238,5983,1
69.832,2,1305,8199,48926,2238,5981,0
69.888,2,1306,8456,49073,2241,6053,1
69.943,2,1307,8721,49163,2238,6131,1
69.998,2,1308,8431,49259,2236,6214,1
70.054,2,1309,8151,49359,2242,6286,1
70.109,2,1310,7881,49437,2246,6346,1
70.164,2,1311,7619,49513,2244,6397,1
70.219,2,1312,7367,49589,2245,6437,1
70.273,2,1313,7123,49664,2245,6468,1
70.328,2,1314,6887,49736,2245,6490,1
70.383,2,1315,6659,49810,2243,6504,1
70.438,2,1316,6439,49880,2241,6512,1
70.493,2,1317,6225,49947,2240,6513,1
70.548,2,1318,6019,50005,2238,6507,1
70.603,2,1319,5819,50071,2236,6495,1
70.658,2,1320,5625,50130,2233,6476,1
70.713,2,1321,5437,50191,2235,6451,1
70.768,2,1322,5255,50239,2234,6422,1
70.823,2,1323,5081,50298,2236,6389,1
70.834,2,1324,4913,48980,2235,6351,1
70.889,2,1325,4749,49073,2235,6309,1
70.944,2,1326,4591,49168,2235,6263,1
70.999,2,1327,4439,49257,2235,6214,1
71.055,2,1328,4578,49376,2244,6161,1
71.110,2,1329,4721,49459,2251,6113,1
71.165,2,1330,4868,49540,2254,6071,1
71.220,2,1331,5021,49621,2253,6035,1
71.276,2,1332,5178,49701,2255,6006,1
71.330,2,1333,5339,49772,2254,5983,1
71.385,2,1334,5506,49843,2254,5966,1
71.440,2,1335,5679,49910,2253,5953,1
71.495,2,1336,5856,49974,2254,5946,1
71.550,2,1337,6039,50039,2254,5944,1
71.605,2,1338,6228,50101,2249,5948,1
71.660,2,1339,6423,50165,2246,5958,1
71.715,2,1340,6624,50220,2250,5974,1
71.770,2,1341,6831,50272,2249,5996,1
71.825,2,1342,7044,50328,2246,6024,1
71.833,2,1343,7265,48981,2186,6059,1
71.890,2,1344,7492,49119,2191,6100,1
71.945,2,1345,7727,49211,2192,6147,1
72.000,2,1346,7469,49299,2192,6199,1
72.055,2,1347,7221,49383,2191,6241,1
72.110,2,1348,6981,49467,2190,6274,1
72.165,2,1349,6749,49559,2202,6299,1
72.220,2,1350,6525,49628,2204,6316,1
72.275,2,1351,6307,49700,2206,6326,1
72.330,2,1352,6097,49769,2206,6328,1
72.385,2,1353,5895,49838,2206,6324,1
72.440,2,1354,5699,49911,2208,6313,1
72.495,2,1355,5511,49980,2205,6295,1
72.550,2,1356,5329,50043,2208,6273,1
72.605,2,1357,5496,50104,2205,6247,1
72.659,2,1358,5667,50163,2202,6226,1
72.714,2,1359,5844,50220,2200,6210,1
72.769,2,1360,6027,50274,2199,6200,1
72.824,2,1361,6216,50331,2201,6197,1
72.836,2,1362,6010,49012,2207,6200,1
72.890,2,1363,5810,49005,2209,6197,1
72.946,2,1364,5616,49102,2208,6188,1
73.002,2,1365,5430,49225,2212,6173,1
73.057,2,1366,5599,49312,2215,6153,1
73.111,2,1367,5774,49391,2214,6138,1
73.166,2,1368,5955,49471,2212,6128,1
73.222,2,1369,6142,49558,2223,6126,1
73.277,2,1370,6333,49636,2223,6129,1
73.332,2,1371,6530,49712,2223,6139,1
73.387,2,1372,6735,49783,2222,6152,1
73.441,2,1373,6946,49853,2221,6173,1
73.496,2,1374,7163,49920,2222,6200,1
73.551,2,1375,7386,49987,2224,6233,1
73.606,2,1376,7140,50049,2220,6273,1
73.661,2,1377,6902,50111,2218,6302,1
73.716,2,1378,6672,50175,2220,6323,1
73.771,2,1379,6450,50234,2220,6335,1
73.826,2,1380,6236,50287,2219,6342,1
73.832,2,1381,5834,48867,2219,6295,0
73.888,2,1382,5640,49013,2222,6283,1
73.943,2,1383,5454,49105,2221,6266,1
73.998,2,1384,5274,49196,2220,6243,1
74.053,2,1385,5100,49286,2218,6215,1
74.108,2,1386,4930,49370,2216,6181,1
74.163,2,1387,5085,49452,2214,6144,1
74.218,2,1388,5244,49536,2214,6113,1
74.273,2,1389,5407,49625,2224,6089,1
74.328,2,1390,5576,49691,2222,6070,1
74.383,2,1391,5751,49763,2221,6057,1
74.438,2,1392,5930,49834,2217,6049,1
74.493,2,1393,6115,49903,2216,6049,1
74.548,2,1394,6306,49969,2215,6053,1
74.603,2,1395,6503,50033,2213,6062,1
74.657,2,1396,6706,50088,2213,6078,1
74.713,2,1397,6915,50151,2215,6099,1
74.767,2,1398,7132,50209,2213,6126,1
74.823,2,1399,7355,50265,2216,6161,1
74.835,2,1400,7109,48956,2245,6207,1
74.889,2,1401,6873,49024,2242,6238,1
74.944,2,1402,6645,49116,2240,6259,1
74.999,2,1403,6423,49205,2239,6273,1
75.054,2,1404,6209,49293,2238,6281,1
75.109,2,1405,6003,49380,2235,6282,1
75.164,2,1406,5803,49469,2233,6276,1
75.219,2,1407,5609,49547,2231,6264,1
75.274,2,1408,5423,49623,2230,6246,1
75.329,2,1409,5243,49709,2240,6223,1
75.384,2,1410,5406,49778,2238,6194,1
75.439,2,1411,5575,49848,2234,6172,1
75.494,2,1412,5750,49917,2235,6155,1
75.549,2,1413,5929,49983,2236,6145,1
75.604,2,1414,6114,50049,2235,6141,1
75.659,2,1415,6305,50110,2234,6143,1
75.714,2,1416,6502,50169,2235,6151,1
75.768,2,1417,6705,50227,2234,6164,1
75.824,2,1418,6914,50287,2240,6184,1
75.832,2,1419,6686,48938,2180,6209,1
75.889,2,1420,6464,49088,2182,6226,1
75.944,2,1421,6250,49179,2182,6235,1
75.998,2,1422,6042,49266,2181,6238,1
76.053,2,1423,5842,49350,2180,6235,1
76.108,2,1424,5648,49433,2178,6225,1
76.163,2,1425,5460,49512,2178,6209,1
76.218,2,1426,5631,49591,2177,6188,1
76.273,2,1427,5806,49662,2177,6174,1
76.328,2,1428,5987,49735,2180,6165,1
76.383,2,1429,6174,49812,2188,6162,1
76.438,2,1430,6367,49875,2190,6164,1
76.493,2,1431,6566,49943,2193,6173,1
76.548,2,1432,6771,50006,2195,6187,1
76.603,2,1433,6982,50067,2192,6208,1
76.658,2,1434,7201,50131,2191,6234,1
76.713,2,1435,7426,50190,2191,6267,1
76.768,2,1436,7180,50244,2194,6307,1
76.823,2,1437,6942,50300,2193,6337,1
76.836,2,1438,6712,49041,2199,6388,1
76.891,2,1439,6488,49135,2199,6400,1
76.945,2,1440,6272,49220,2198,6406,1
77.000,2,1441,6064,49308,2198,6405,1
77.055,2,1442,5862,49392,2200,6397,1
77.110,2,1443,5668,49473,2200,6382,1
77.165,2,1444,5480,49551,2200,6362,1
77.220,2,1445,5298,49630,2207,6337,1
77.275,2,1446,5122,49697,2206,6307,1
77.330,2,1447,4952,49768,2208,6273,1
77.385,2,1448,4788,49839,2206,6234,1
77.440,2,1449,4937,49916,2216,6192,1
77.495,2,1450,5092,49985,2219,6156,1
77.550,2,1451,5251,50050,2219,6124,1
77.605,2,1452,5416,50112,2218,6098,1
77.660,2,1453,5585,50172,2219,6079,1
77.715,2,1454,5760,50232,2218,6065,1
77.770,2,1455,5941,50291,2217,6058,1
77.825,2,1456,6126,50346,2215,6056,1
77.832,2,1457,6115,48954,2215,6048,0
77.888,2,1458,6306,49098,2217,6052,1
77.943,2,1459,6503,49191,2216,6062,1
77.998,2,1460,6706,49279,2216,6078,1
78.053,2,1461,6915,49364,2218,6101,1
78.108,2,1462,7132,49446,2217,6128,1
78.163,2,1463,7355,49530,2217,6162,1
78.216,2,1464,7109,49608,2217,7595,0
78.272,2,1465,6873,49731,2215,7582,1
78.327,2,1466,6645,49803,2216,7561,1
78.382,2,1467,6423,49878,2218,7536,1
78.437,2,1468,6209,49941,2219,7504,1
78.492,2,1469,6003,50007,2226,7467,1
78.547,2,1470,5803,50063,2225,7423,1
78.602,2,1471,5609,50123,2225,7374,1
78.657,2,1472,5423,50186,2221,7321,1
78.712,2,1473,5243,50138,2225,7264,1
78.767,2,1474,5069,50193,2227,7204,1
78.822,2,1475,4901,50250,2228,7140,1
78.834,2,1476,4739,48964,2235,7072,1
78.889,2,1477,4583,49050,2233,7002,1
78.944,2,1478,4431,49142,2231,6929,1
78.999,2,1479,4285,49236,2229,6852,1
79.054,2,1480,4141,49323,2232,6774,1
79.109,2,1481,4003,49404,2234,6693,1
79.163,2,1482,3869,49484,2236,6611,1
79.218,2,1483,3741,49564,2235,6528,1
79.273,2,1484,3617,49641,2233,6444,1
79.328,2,1485,3497,49715,2237,6358,1
79.383,2,1486,3381,49788,2236,6271,1
79.438,2,1487,3486,49858,2235,6182,1
79.494,2,1488,3595,49932,2245,6100,1
79.549,2,1489,3708,49993,2250,6024,1
79.603,2,1490,3823,50055,2249,5953,1
79.658,2,1491,3942,50114,2249,5889,1
79.713,2,1492,4065,50174,2248,5831,1
79.768,2,1493,4192,50230,2245,5777,1
79.823,2,1494,4323,50285,2242,5729,1
79.834,2,1495,4458,48959,2244,5687,1
79.889,2,1496,4597,49052,2241,5655,1
79.944,2,1497,4740,49147,2238,5625,1
79.999,2,1498,4889,49241,2236,5600,1
80.054,2,1499,5042,49331,2236,5581,1
80.109,2,1500,5199,49414,2235,5567,1
80.164,2,1501,5362,49495,2233,5558,1
80.218,2,1502,5529,49569,2232,5553,1
80.273,2,1503,5702,49645,2228,5555,1
80.328,2,1504,5881,49719,2230,5563,1
80.383,2,1505,6064,49790,2230,5576,1
80.438,2,1506,6253,49865,2228,5593,1
80.493,2,1507,6448,49935,2225,5615,1
80.549,2,1508,6649,50009,2230,5643,1
80.603,2,1509,6856,50069,2226,5676,1
80.658,2,1510,7071,50130,2224,5716,1
80.713,2,1511,7292,50191,2222,5760,1
80.768,2,1512,7519,50249,2222,5809,1
80.823,2,1513,7754,50305,2221,5864,1
80.836,2,1514,7997,49011,2246,5927,1
80.890,2,1515,8246,49082,2246,5993,1
80.945,2,1516,8503,49173,2246,6065,1
81.000,2,1517,8768,49264,2245,6144,1
81.055,2,1518,8478,49345,2243,6228,1
81.110,2,1519,8196,49421,2241,6301,1
81.165,2,1520,7924,49500,2239,6362,1
81.220,2,1521,7660,49582,2238,6414,1
81.275,2,1522,7406,49659,2236,6455,1
81.330,2,1523,7160,49732,2236,6487,1
81.385,2,1524,6922,49805,2235,6511,1
81.440,2,1525,6692,49878,2235,6525,1
81.495,2,1526,6470,49946,2233,6532,1
81.550,2,1527,6256,50016,2234,6532,1
81.605,2,1528,6048,50084,2243,6526,1
81.660,2,1529,5848,50133,2241,6514,1
81.715,2,1530,5654,50193,2243,6496,1
81.770,2,1531,5466,50252,2244,6472,1
81.825,2,1532,5284,50310,2244,6443,1
81.834,2,1533,5108,48925,2258,6409,1
81.889,2,1534,4938,49012,2261,6370,1
81.944,2,1535,4774,49106,2258,6327,1
81.999,2,1536,4616,49198,2254,6280,1
82.054,2,1537,4464,49286,2256,6231,1
82.109,2,1538,4316,49372,2254,6179,1
82.164,2,1539,4451,49453,2250,6123,1
82.219,2,1540,4590,49534,2248,6074,1
82.274,2,1541,4733,49610,2244,6029,1
82.328,2,1542,4880,49684,2242,5990,1
82.383,2,1543,5033,49760,2239,5959,1
82.438,2,1544,5190,49828,2236,5933,1
82.493,2,1545,5353,49896,2235,5912,1
82.548,2,1546,5520,49962,2235,5896,1
82.603,2,1547,5693,50026,2235,5886,1
82.659,2,1548,5870,50096,2244,5883,1
82.713,2,1549,6053,50156,2243,5885,1
82.768,2,1550,6242,50215,2241,5892,1
82.823,2,1551,6437,50271,2242,5905,1
82.834,2,1552,6638,48936,2249,5930,1
82.889,2,1553,6845,49029,2247,5954,1
82.944,2,1554,7058,49121,2247,5985,1
82.999,2,1555,7279,49210,2243,6020,1
83.054,2,1556,7506,49298,2244,6062,1
83.109,2,1557,7741,49381,2242,6109,1
83.164,2,1558,7982,49466,2239,6163,1
83.219,2,1559,7716,49546,2238,6222,1
83.274,2,1560,7460,49621,2237,6272,1
83.328,2,1561,7212,49695,2236,6313,1
83.383,2,1562,6972,49769,2233,6344,1
83.438,2,1563,6740,49841,2233,6366,1
83.493,2,1564,6516,49911,2230,6380,1
83.548,2,1565,6300,49979,2229,6387,1
83.603,2,1566,6090,50043,2227,6386,1
83.658,2,1567,5888,50109,2231,6379,1
83.713,2,1568,5694,50169,2239,6367,1
83.768,2,1569,5504,50219,2237,6349,1
83.823,2,1570,5322,50278,2238,6325,1
83.834,2,1571,5146,48947,2248,6345,1
83.889,2,1572,4976,49032,2247,6310,1
83.943,2,1573,4810,49124,2244,6272,1
83.998,2,1574,4650,49215,2241,6229,1
84.053,2,1575,4496,49306,2239,6183,1
84.108,2,1576,4637,49388,2237,6132,1
84.163,2,1577,4782,49468,2235,6087,1
84.218,2,1578,4931,49550,2233,6049,1
84.273,2,1579,5086,49630,2231,6016,1
84.328,2,1580,5245,49705,2231,5989,1
84.383,2,1581,5408,49780,2233,5967,1
84.438,2,1582,5577,49851,2232,5952,1
84.493,2,1583,5752,49920,2230,5942,1
84.548,2,1584,5931,49890,2232,5939,1
84.603,2,1585,6116,49955,2230,5942,1
84.658,2,1586,6307,50019,2227,5951,1
84.713,2,1587,6504,50080,2226,5964,1
84.768,2,1588,6707,50149,2235,5982,1
84.823,2,1589,6916,50204,2233,6008,1
84.835,2,1590,7133,48918,2235,6056,1
84.890,2,1591,7356,49019,2239,6094,1
84.945,2,1592,7585,49107,2238,6136,1
85.000,2,1593,7333,49201,2236,6184,1
85.055,2,1594,7089,49291,2245,6223,1
85.110,2,1595,6853,49368,2241,6253,1
85.165,2,1596,6627,49450,2238,6274,1
85.220,2,1597,6407,49534,2239,6289,1
85.275,2,1598,6195,49610,2237,6295,1
85.330,2,1599,5989,49688,2235,6294,1
85.385,2,1600,5789,49756,2236,6287,1
85.440,2,1601,5597,49828,2238,6274,1
85.495,2,1602,5411,49901,2239,6255,1
85.550,2,1603,5580,49966,2240,6230,1
85.605,2,1604,5755,50028,2237,6212,1
85.659,2,1605,5934,50091,2236,6201,1
85.714,2,1606,6119,50156,2232,6195,1
85.769,2,1607,6310,50215,2231,6196,1
85.825,2,1608,6507,50274,2238,6202,1
85.832,2,1609,6089,48892,2238,6197,0
85.888,2,1610,5887,49034,2237,6195,1
85.943,2,1611,5691,49132,2236,6189,1
85.998,2,1612,5501,49223,2234,6177,1
86.053,2,1613,5672,49310,2235,6158,1
86.108,2,1614,5849,49394,2234,6145,1
86.163,2,1615,6032,49475,2232,6137,1
86.218,2,1616,6221,49557,2231,6136,1
86.273,2,1617,6416,49640,2228,6142,1
86.328,2,1618,6617,49713,2225,6152,1
86.383,2,1619,6824,49786,2222,6169,1
86.438,2,1620,7037,49856,2221,6191,1
86.492,2,1621,7256,49923,2219,6219,1
86.547,2,1622,7016,49991,2221,6253,1
86.602,2,1623,6782,50053,2220,6278,1
86.657,2,1624,6556,50111,2220,6297,1
86.712,2,1625,6338,50179,2218,6308,1
86.767,2,1626,6128,50235,2220,6312,1
86.822,2,1627,5924,50293,2220,6309,1
86.834,2,1628,5728,48997,2230,6357,1
86.889,2,1629,5538,49086,2230,6339,1
86.944,2,1630,5354,49172,2229,6317,1
86.999,2,1631,5176,49268,2226,6289,1
87.054,2,1632,5004,49356,2225,6256,1
87.109,2,1633,4838,49440,2224,6219,1
87.164,2,1634,4989,49525,2223,6178,1
87.219,2,1635,5144,49605,2222,6143,1
87.274,2,1636,4974,49680,2225,7239,1
87.329,2,1637,4808,49752,2224,7171,1
87.384,2,1638,4650,49823,2225,7099,1
87.439,2,1639,4496,49891,2223,7026,1
87.494,2,1640,4348,49959,2224,6949,1
87.549,2,1641,4202,50028,2223,6871,1
87.604,2,1642,4062,50088,2225,7709,1
87.659,2,1643,3928,50149,2225,7599,1
87.714,2,1644,3798,50206,2227,7487,1
87.769,2,1645,3672,50263,2226,7375,1
87.824,2,1646,3550,50319,2228,7261,1
87.834,2,1647,3432,48962,2232,7147,1
87.889,2,1648,3318,49063,2236,7034,1
87.944,2,1649,3208,49157,2235,6920,1
87.999,2,1650,3102,49248,2238,6806,1
88.054,2,1651,3000,49333,2243,6692,1
88.109,2,1652,2900,49410,2243,6578,1
88.164,2,1653,2804,49491,2240,6466,1
88.219,2,1654,2710,49571,2241,6355,1
88.274,2,1655,2620,49651,2239,6244,1
88.329,2,1656,2701,49725,2240,6133,1
88.384,2,1657,2786,49794,2240,6028,1
88.439,2,1658,2873,49866,2241,5928,1
88.494,2,1659,2962,49935,2240,5836,1
88.549,2,1660,3055,50000,2241,5749,1
88.604,2,1661,3150,50063,2238,5668,1
88.659,2,1662,3249,50126,2239,5591,1
88.714,2,1663,3350,50187,2237,5519,1
88.768,2,1664,3455,50241,2237,5454,1
88.823,2,1665,3562,50297,2236,5394,1
88.835,2,1666,3673,48991,2244,5340,1
88.891,2,1667,3788,49101,2245,5291,1
88.946,2,1668,3907,49196,2252,5246,1
89.001,2,1669,4030,49282,2252,5208,1
89.056,2,1670,4155,49368,2251,5174,1
89.111,2,1671,4284,49454,2249,5146,1
89.166,2,1672,4417,49533,2252,5121,1
89.221,2,1673,4556,49612,2251,5103,1
89.276,2,1674,4699,49684,2251,5089,1
89.331,2,1675,4846,49758,2249,5079,1
89.386,2,1676,4997,49826,2250,5075,1
89.441,2,1677,5154,49897,2247,5075,1
89.496,2,1678,5315,49960,2247,5079,1
89.551,2,1679,5482,50024,2248,5090,1
89.605,2,1680,5653,50084,2248,5104,1
89.661,2,1681,5830,50147,2250,5124,1
89.715,2,1682,6013,50202,2249,5149,1
89.770,2,1683,6200,50258,2250,5178,1
89.825,2,1684,6393,50308,2248,5211,1
89.832,2,1685,6380,48911,2248,5223,0
89.888,2,1686,6579,49057,2249,5262,1
89.943,2,1687,6784,49149,2245,5307,1
89.998,2,1688,6997,49247,2249,5354,1
90.053,2,1689,7216,49325,2246,5407,1
90.108,2,1690,7441,49413,2244,5465,1
90.163,2,1691,7674,49493,2242,5528,1
90.218,2,1692,7913,49567,2239,5596,1
90.273,2,1693,8160,49644,2236,5670,1
90.327,2,1694,8415,49719,2233,5751,1
90.382,2,1695,8678,49696,2234,5837,1
90.437,2,1696,8949,49766,2232,5928,1
90.492,2,1697,9228,49835,2230,6025,1
90.547,2,1698,9517,49899,2228,6128,1
90.602,2,1699,9814,49965,2230,6235,1
90.657,2,1700,9488,50029,2239,6349,1
90.712,2,1701,9174,50086,2237,6450,1
90.767,2,1702,8870,50146,2239,6538,1
90.822,2,1703,8576,50203,2238,6612,1
90.832,2,1704,8292,48913,2175,6675,1
90.888,2,1705,8016,49062,2180,6728,1
90.943,2,1706,7750,49155,2182,6770,1
90.998,2,1707,7494,49244,2184,6802,1
91.054,2,1708,7246,49337,2193,6827,1
91.108,2,1709,7006,49414,2192,6842,1
91.163,2,1710,6774,49496,2191,6849,1
91.218,2,1711,6548,49576,2192,6848,1
91.273,2,1712,6330,49651,2193,6842,1
91.328,2,1713,6120,49724,2197,6828,1
91.383,2,1714,5916,49797,2198,6808,1
91.438,2,1715,5720,49867,2198,6783,1
91.493,2,1716,5530,49934,2202,6753,1
91.548,2,1717,5346,50003,2202,6718,1
91.603,2,1718,5168,50066,2200,6677,1
91.658,2,1719,4996,50126,2199,6633,1
91.713,2,1720,4830,50186,2200,6585,1
91.768,2,1721,4670,50244,2199,6533,1
91.823,2,1722,4514,50302,2201,6478,1
91.834,2,1723,4364,48975,2203,6419,1
91.889,2,1724,4220,49069,2206,6358,1
91.944,2,1725,4080,49159,2205,6295,1
91.999,2,1726,3944,49249,2204,6228,1
92.054,2,1727,4067,49335,2208,6159,1
92.109,2,1728,4194,49420,2214,6097,1
92.164,2,1729,4325,49499,2215,6041,1
92.219,2,1730,4460,49577,2213,5990,1
92.274,2,1731,4599,49658,2212,5945,1
92.329,2,1732,4742,49733,2210,5906,1
92.383,2,1733,4891,49802,2208,5873,1
92.439,2,1734,5044,49872,2209,5845,1
92.493,2,1735,5201,49941,2208,5823,1
92.548,2,1736,5364,50009,2205,5806,1
92.603,2,1737,5531,50074,2203,5795,1
92.658,2,1738,5704,50136,2205,5789,1
92.714,2,1739,5883,50200,2207,5789,1
92.769,2,1740,6066,50254,2210,5795,1
92.823,2,1741,6255,50309,2211,5805,1
92.835,2,1742,6450,49016,2209,5845,1
92.890,2,1743,6651,49114,2211,5866,1
92.945,2,1744,6858,49201,2210,5894,1
93.000,2,1745,7073,49290,2209,5927,1
93.055,2,1746,7294,49374,2208,5966,1
93.110,2,1747,7521,49459,2206,6011,1
93.165,2,1748,7756,49546,2215,6061,1
93.220,2,1749,7999,49620,2215,6117,1
93.275,2,1750,8248,49699,2218,6178,1
93.330,2,1751,7974,49773,2219,6244,1
93.385,2,1752,7710,49842,2220,6300,1
93.440,2,1753,7454,49909,2220,6348,1
93.495,2,1754,7206,49975,2223,6386,1
93.550,2,1755,6966,50038,2225,6413,1
93.605,2,1756,6734,50100,2224,6432,1
93.660,2,1757,6510,50160,2225,6444,1
93.715,2,1758,6294,50219,2226,6449,1
93.770,2,1759,6086,50275,2232,6447,1
93.825,2,1760,5884,50327,2230,6439,1
93.832,2,1761,5688,48947,2168,6424,1
93.888,2,1762,5498,49094,2168,6404,1
93.943,2,1763,5314,49185,2171,6379,1
93.998,2,1764,5138,49273,2172,6349,1
94.053,2,1765,4968,49359,2173,6313,1
94.108,2,1766,4802,49443,2172,6274,1
94.163,2,1767,4644,49524,2171,6231,1
94.218,2,1768,4789,49607,2180,6185,1
94.273,2,1769,4938,49677,2180,6144,1
94.328,2,1770,5093,49751,2180,6108,1
94.383,2,1771,5252,49822,2179,6078,1
94.438,2,1772,5417,49895,2182,6054,1
94.493,2,1773,5586,49960,2183,6037,1
94.548,2,1774,5761,50024,2185,6026,1
94.603,2,1775,5942,50085,2188,6021,1
94.658,2,1776,6127,50142,2188,6020,1
94.713,2,1777,6318,50201,2191,6026,1
94.767,2,1778,6515,50255,2190,6038,1
94.822,2,1779,6718,50306,2189,6056,1
94.832,2,1780,6494,49020,2189,6153,0
94.888,2,1781,6278,49141,2193,6165,1
94.943,2,1782,6070,49233,2195,6171,1
94.998,2,1783,5868,49320,2199,6170,1
95.053,2,1784,6051,49404,2200,6162,1
95.108,2,1785,6240,49484,2201,6162,1
95.163,2,1786,6435,49560,2203,6166,1
95.218,2,1787,6636,49642,2207,6177,1
95.273,2,1788,6843,49711,2216,6195,1
95.328,2,1789,7056,49780,2216,6218,1
95.383,2,1790,6822,49850,2214,6246,1
95.438,2,1791,6596,49918,2214,6265,1
95.493,2,1792,6378,49988,2213,6277,1
95.548,2,1793,6166,50053,2213,6284,1
95.603,2,1794,5962,50118,2215,6282,1
95.658,2,1795,5764,50176,2216,6274,1
95.713,2,1796,5945,50237,2219,6260,1
95.768,2,1797,6130,50294,2220,6253,1
95.823,2,1798,6321,50348,2219,6251,1
95.834,2,1799,6111,49028,2237,6286,1
95.889,2,1800,5909,49102,2239,6284,1
95.944,2,1801,5713,49192,2238,6275,1
95.999,2,1802,5523,49282,2236,6259,1
96.054,2,1803,5339,49368,2237,6239,1
96.109,2,1804,5161,49449,2243,6213,1
96.164,2,1805,4989,49430,2246,6182,1
96.218,2,1806,5144,49509,2248,6147,1
96.274,2,1807,5305,49597,2255,6117,1
96.329,2,1808,5470,49671,2257,6094,1
96.384,2,1809,5641,49742,2257,6078,1
96.439,2,1810,5818,49812,2254,6067,1
96.494,2,1811,5999,49880,2256,6061,1
96.548,2,1812,6186,49946,2253,6060,1
96.603,2,1813,6379,50010,2254,6066,1
96.658,2,1814,6578,50073,2251,6079,1
96.713,2,1815,6783,50139,2252,6096,1
96.768,2,1816,6994,50201,2249,6120,1
96.823,2,1817,7213,50260,2249,6149,1
96.835,2,1818,6973,48960,2253,6187,1
96.890,2,1819,6741,49059,2251,6213,1
96.945,2,1820,6517,49160,2248,6235,1
97.000,2,1821,6299,49250,2249,6247,1
97.055,2,1822,6089,49334,2249,6250,1
97.110,2,1823,5887,49418,2247,6248,1
97.165,2,1824,5691,49498,2246,6239,1
97.220,2,1825,5501,49577,2244,6225,1
97.275,2,1826,5672,49656,2245,6205,1
97.330,2,1827,5849,49738,2255,6190,1
97.385,2,1828,6032,49806,2253,6182,1
97.440,2,1829,6221,49881,2251,6181,1
97.495,2,1830,6416,49941,2251,6184,1
97.550,2,1831,6617,50004,2249,6194,1
97.605,2,1832,6824,50067,2247,6210,1
97.660,2,1833,7037,50127,2247,6231,1
97.715,2,1834,7256,50187,2244,6258,1
97.770,2,1835,7016,50246,2242,6292,1
97.825,2,1836,6782,50304,2241,6316,1
97.832,2,1837,6346,48928,2241,6315,0
97.888,2,1838,6136,49079,2242,6318,1
97.943,2,1839,5932,49168,2244,6315,1
98.003,2,1840,5734,49332,2309,6307,1
98.057,2,1841,5544,49296,2308,6291,1
98.112,2,1842,5360,49379,2307,6271,1
98.167,2,1843,5182,49463,2311,6245,1
98.222,2,1844,5010,49536,2310,6214,1
98.277,2,1845,5167,49608,2307,6178,1
98.332,2,1846,5328,49682,2303,6148,1
98.387,2,1847,5495,49763,2308,6124,1
98.442,2,1848,5666,49828,2305,6106,1
98.497,2,1849,5843,49894,2301,6096,1
98.552,2,1850,6026,49954,2300,6091,1
98.607,2,1851,6215,50016,2300,6090,1
98.662,2,1852,6410,50080,2300,6096,1
98.717,2,1853,6611,50138,2298,6108,1
98.771,2,1854,6818,50198,2294,6126,1
98.826,2,1855,7031,50254,2290,6151,1
98.833,2,1856,6579,48869,2290,6145,0
98.890,2,1857,6359,49016,2289,6162,1
98.945,2,1858,6149,49109,2286,6170,1
99.000,2,1859,5945,49203,2285,6172,1
99.055,2,1860,5747,49290,2285,6167,1
99.109,2,1861,5926,49368,2281,6157,1
99.165,2,1862,6111,49450,2282,6153,1
99.219,2,1863,6302,49528,2280,6155,1
99.274,2,1864,6499,49604,2280,6162,1
99.329,2,1865,6702,49677,2274,6174,1
99.384,2,1866,6911,49757,2273,6193,1
99.440,2,1867,7126,49832,2281,6218,1
99.494,2,1868,6890,49893,2277,6248,1
99.549,2,1869,6660,49959,2274,6271,1
99.604,2,1870,6440,50025,2271,6286,1
99.659,2,1871,6226,50088,2268,6294,1
99.714,2,1872,6020,50150,2271,6295,1
99.769,2,1873,5820,50207,2274,6288,1
99.824,2,1874,6001,50258,2271,6275,1
99.835,2,1875,5801,48914,2295,6270,1
99.889,2,1876,5609,48995,2293,6258,1
99.944,2,1877,5423,49089,2292,6241,1
99.999,2,1878,5243,49182,2289,6217,1
100.054,2,1879,5069,49268,2295,6190,1
100.109,2,1880,5228,49332,2293,6157,1
100.164,2,1881,5391,49411,2293,6131,1
100.219,2,1882,5560,49490,2291,6111,1
100.274,2,1883,5733,49561,2289,6096,1
100.329,2,1884,5912,49635,2285,6087,1
100.384,2,1885,6097,49713,2285,6085,1
100.439,2,1886,6288,49783,2285,6088,1
100.494,2,1887,6485,49860,2295,6098,1
100.549,2,1888,6688,49923,2294,6113,1
100.604,2,1889,6897,49987,2292,6134,1
100.659,2,1890,7112,50053,2288,6160,1
100.714,2,1891,7335,50112,2291,6192,1
100.769,2,1892,7564,50162,2288,6231,1
100.824,2,1893,7801,50221,2287,6274,1
100.833,2,1894,7541,48907,2222,6324,1
100.890,2,1895,7289,49061,2230,6364,1
100.944,2,1896,7047,49142,2231,6396,1
100.999,2,1897,6813,49228,2231,6418,1
101.054,2,1898,6587,49316,2230,6434,1
101.109,2,1899,6367,49401,2230,6441,1
101.164,2,1900,6155,49483,2229,6441,1
101.219,2,1901,5951,49561,2226,6435,1
101.274,2,1902,5753,49641,2232,6422,1
101.329,2,1903,5561,49713,2235,6402,1
101.384,2,1904,5375,49782,2233,6379,1
101.439,2,1905,5195,49846,2231,6351,1
101.494,2,1906,5023,49916,2228,6317,1
101.549,2,1907,4857,49992,2233,7378,1
101.604,2,1908,4695,50046,2235,7302,1
101.659,2,1909,4539,50103,2234,7222,1
101.714,2,1910,4387,50164,2236,7141,1
101.769,2,1911,4241,50220,2238,7057,1
101.824,2,1912,4101,50273,2240,6971,1
101.834,2,1913,3965,48927,2240,6884,1
101.889,2,1914,3833,49028,2240,6795,1
101.944,2,1915,3705,48692,2241,6705,1
101.999,2,1916,3581,48787,2240,6614,1
102.054,2,1917,3461,48889,2240,6521,1
102.109,2,1918,3347,48985,2240,6428,1
102.164,2,1919,3237,49077,2242,6335,1
102.219,2,1920,3129,49165,2241,6240,1
102.274,2,1921,3226,49255,2239,6145,1
102.329,2,1922,3327,49341,2238,6056,1
102.384,2,1923,3215,49427,2235,6701,1
102.438,2,1924,3109,49506,2237,6595,1
102.493,2,1925,3005,49587,2236,6488,1
102.548,2,1926,2905,49658,2235,6381,1
102.604,2,1927,2809,49740,2243,6276,1
102.659,2,1928,2896,49802,2244,6169,1
102.714,2,1929,2987,49869,2242,6070,1
102.768,2,1930,3080,49934,2241,5977,1
102.824,2,1931,3177,50000,2240,5888,1
102.835,2,1932,3276,48697,2247,5806,1
102.890,2,1933,3379,48798,2249,5730,1
102.945,2,1934,3484,48899,2248,5659,1
103.000,2,1935,3593,48994,2246,5593,1
103.055,2,1936,3706,49089,2247,5533,1
103.110,2,1937,3821,49177,2247,5477,1
103.165,2,1938,3940,49265,2249,5427,1
103.220,2,1939,4063,49351,2249,5383,1
103.274,2,1940,4190,49433,2247,5344,1
103.329,2,1941,4321,49513,2247,5310,1
103.384,2,1942,4456,49590,2245,5280,1
103.439,2,1943,4595,49669,2243,5257,1
103.494,2,1944,4738,49741,2241,5239,1
103.549,2,1945,4887,49812,2240,5226,1
103.604,2,1946,5040,49878,2245,5217,1
103.659,2,1947,5197,49950,2248,5215,1
103.714,2,1948,5360,50009,2246,5217,1
103.769,2,1949,5527,50070,2245,5225,1
103.824,2,1950,5700,50131,2246,5236,1
103.834,2,1951,5879,48787,2249,5254,1
103.890,2,1952,6062,48888,2249,5277,1
103.945,2,1953,6251,48989,2250,5304,1
103.999,2,1954,6446,49081,2248,5335,1
104.054,2,1955,6647,49171,2249,5372,1
104.109,2,1956,6854,49259,2245,5415,1
104.164,2,1957,7069,49344,2246,5461,1
104.219,2,1958,7290,49426,2246,5515,1
104.274,2,1959,7517,49507,2245,5574,1
104.329,2,1960,7752,49580,2245,5637,1
104.384,2,1961,7995,49657,2244,5706,1
104.439,2,1962,8244,49728,2245,5780,1
104.494,2,1963,8501,49796,2246,5860,1
104.549,2,1964,8766,49860,2247,5945,1
104.603,2,1965,9039,49926,2244,6036,1
104.659,2,1966,9322,49990,2250,6133,1
104.714,2,1967,9613,50057,2256,6235,1
104.769,2,1968,9295,50110,2255,6343,1
104.824,2,1969,8987,50177,2254,6437,1
104.832,2,1970,8409,48855,2254,6482,0
104.889,2,1971,8129,49011,2259,6544,1
104.944,2,1972,7859,49097,2259,6595,1
104.999,2,1973,7597,49186,2261,6637,1
105.054,2,1974,7345,49271,2259,6670,1
105.109,2,1975,7101,49355,2259,6693,1
105.164,2,1976,6865,49435,2263,6708,1
105.219,2,1977,6637,49511,2262,6716,1
105.274,2,1978,6417,49593,2260,6716,1
105.329,2,1979,6205,49672,2256,6709,1
105.384,2,1980,5999,49747,2260,6696,1
105.439,2,1981,5799,49814,2257,6677,1
105.493,2,1982,5607,49884,2253,6652,1
105.548,2,1983,5421,49949,2254,6621,1
105.603,2,1984,5241,50014,2256,6585,1
105.658,2,1985,5067,50071,2253,6545,1
105.713,2,1986,4899,50125,2255,6500,1
105.768,2,1987,4737,50188,2258,6453,1
105.823,2,1988,4581,50243,2256,6403,1
105.834,2,1989,4429,48915,2258,6349,1
105.889,2,1990,4283,49010,2258,6292,1
105.944,2,1991,4139,49105,2257,6232,1
105.999,2,1992,4001,49190,2258,6168,1
106.054,2,1993,4126,49282,2258,6104,1
106.109,2,1994,4255,49367,2257,6044,1
106.164,2,1995,4388,49449,2255,5991,1
106.219,2,1996,4525,49527,2253,5944,1
106.274,2,1997,4666,49604,2252,5902,1
106.329,2,1998,4811,49682,2251,5866,1
106.384,2,1999,4962,49751,2252,5839,1
106.439,2,2000,5117,49819,2254,5815,1
106.493,2,2001,5276,49888,2250,5796,1
106.548,2,2002,5441,49957,2247,5783,1
106.603,2,2003,5612,50021,2247,5774,1
106.658,2,2004,5787,50082,2248,5770,1
106.713,2,2005,5968,50145,2250,5772,1
106.769,2,2006,6155,50211,2260,5780,1
106.824,2,2007,6348,50258,2263,5794,1
106.835,2,2008,6547,48945,2270,5815,1
106.890,2,2009,6752,49036,2267,5840,1
106.945,2,2010,6963,49130,2263,5870,1
107.000,2,2011,7180,49232,2264,5908,1
107.055,2,2012,7405,49320,2261,5951,1
107.110,2,2013,7636,49407,2258,5999,1
107.165,2,2014,7875,49490,2255,6052,1
107.220,2,2015,8122,49566,2257,6111,1
107.275,2,2016,8375,49636,2260,6176,1
107.330,2,2017,8097,49707,2258,6248,1
107.385,2,2018,7829,49778,2256,6308,1
107.440,2,2019,7569,49847,2253,6358,1
107.495,2,2020,7319,49914,2253,6397,1
107.550,2,2021,7077,49978,2251,6429,1
107.605,2,2022,6841,50039,2252,6451,1
107.660,2,2023,6613,49986,2255,6466,1
107.715,2,2024,6393,50045,2253,6473,1
107.769,2,2025,6179,50106,2252,6473,1
107.825,2,2026,5973,50178,2266,6466,1
107.832,2,2027,5775,48801,2266,6451,0
107.889,2,2028,5583,48955,2268,6433,1
107.944,2,2029,5399,49049,2266,6410,1
107.999,2,2030,5219,49144,2263,6381,1
108.054,2,2031,5045,49233,2263,6346,1
108.109,2,2032,4877,49319,2260,6309,1
108.164,2,2033,4715,49403,2260,6267,1
108.219,2,2034,4559,49482,2261,6220,1
108.274,2,2035,4702,49561,2260,6169,1
108.328,2,2036,4849,49636,2257,6126,1
108.383,2,2037,5000,49711,2257,6088,1
108.438,2,2038,5157,49782,2255,6056,1
108.493,2,2039,5318,49850,2253,6031,1
108.548,2,2040,5485,49918,2251,6012,1
108.603,2,2041,5656,49984,2249,5998,1
108.658,2,2042,5833,50046,2246,5990,1
108.713,2,2043,6016,50106,2242,5987,1
108.768,2,2044,6205,50167,2241,5991,1
108.823,2,2045,6398,50224,2239,6001,1
108.835,2,2046,6597,48927,2247,6045,1
108.890,2,2047,6804,49027,2250,6066,1
108.945,2,2048,7017,49120,2252,6091,1
109.000,2,2049,7236,49207,2248,6123,1
109.055,2,2050,7463,49292,2247,6159,1
109.110,2,2051,7215,49377,2245,6203,1
109.165,2,2052,6975,49455,2244,6237,1
109.220,2,2053,6743,49542,2243,6263,1
109.275,2,2054,6519,49617,2245,6279,1
109.330,2,2055,6301,49688,2245,6288,1
109.385,2,2056,6091,49761,2247,6291,1
109.440,2,2057,5889,49834,2247,6286,1
109.495,2,2058,5695,49901,2249,6275,1
109.550,2,2059,5505,49965,2249,6258,1
109.605,2,2060,5678,50029,2248,6237,1
109.660,2,2061,5855,50091,2246,6223,1
109.715,2,2062,6038,50151,2244,6213,1
109.769,2,2063,6227,50210,2242,6209,1
109.824,2,2064,6422,50266,2238,6213,1
109.835,2,2065,6210,48911,2265,6221,1
109.890,2,2066,6004,49003,2267,6223,1
109.945,2,2067,5804,49102,2270,6218,1
110.000,2,2068,5610,49186,2269,6207,1
110.056,2,2069,5424,49277,2280,6191,1
110.110,2,2070,5593,49352,2278,6169,1
110.165,2,2071,5768,49431,2276,6154,1
110.220,2,2072,5949,49514,2276,6143,1
110.275,2,2073,6134,49588,2275,6139,1
110.330,2,2074,6325,49663,2271,6142,1
110.385,2,2075,6522,49736,2271,6149,1
110.440,2,2076,6725,49807,2270,6164,1
110.495,2,2077,6936,49878,2265,6184,1
110.550,2,2078,7153,49947,2263,6211,1
110.605,2,2079,7376,50014,2263,6243,1
110.660,2,2080,7132,50075,2261,6281,1
110.715,2,2081,6896,50139,2260,6311,1
110.770,2,2082,6666,50195,2257,6332,1
110.825,2,2083,6446,50249,2259,6344,1
110.835,2,2084,6232,48908,2270,6349,1
110.890,2,2085,6026,49001,2268,6349,1
110.945,2,2086,5826,49093,2273,6341,1
111.000,2,2087,5634,49187,2275,6328,1
111.055,2,2088,5448,49272,2271,7541,1
111.110,2,2089,5268,49362,2268,7477,1
111.165,2,2090,5094,49445,2268,7411,1
111.220,2,2091,4924,49526,2268,7340,1
111.275,2,2092,4760,49601,2265,7266,1
111.330,2,2093,4602,49676,2264,7191,1
111.385,2,2094,4448,49749,2264,7111,1
111.440,2,2095,4300,49818,2264,7030,1
111.495,2,2096,4158,49885,2267,6946,1
111.549,2,2097,4020,49946,2267,6861,1
111.604,2,2098,3886,50004,2269,6774,1
111.659,2,2099,3756,50062,2268,6686,1
111.714,2,2100,3630,50122,2265,6596,1
111.769,2,2101,3510,50177,2264,6505,1
111.824,2,2102,3392,50236,2262,6414,1
111.834,2,2103,3280,48891,2265,6323,1
111.889,2,2104,3172,48985,2265,6231,1
111.944,2,2105,3066,49078,2262,6139,1
111.999,2,2106,3161,49170,2266,6045,1
112.054,2,2107,3057,49265,2268,6649,1
112.109,2,2108,2955,49350,2266,6540,1
112.164,2,2109,2857,49432,2268,6429,1
112.219,2,2110,2761,49515,2264,6320,1
112.274,2,2111,2669,49594,2262,6212,1
112.329,2,2112,2752,49670,2260,6105,1
112.384,2,2113,2839,49746,2256,6003,1
112.439,2,2114,2928,49819,2257,5907,1
112.494,2,2115,3019,49890,2254,5817,1
112.549,2,2116,3114,49958,2253,5732,1
112.604,2,2117,3211,50016,2254,5652,1
112.659,2,2118,3312,50074,2250,5577,1
112.714,2,2119,3415,50137,2247,5508,1
112.769,2,2120,3522,50200,2245,5446,1
112.824,2,2121,3633,50259,2242,5389,1
112.835,2,2122,3746,48932,2246,5337,1
112.890,2,2123,3863,49026,2252,5290,1
112.945,2,2124,3984,49114,2249,5249,1
112.999,2,2125,4109,49201,2247,5211,1
113.055,2,2126,4238,49288,2252,5178,1
113.110,2,2127,4371,49368,2257,5152,1
113.164,2,2128,4508,49443,2255,5131,1
113.219,2,2129,4649,49522,2254,5113,1
113.274,2,2130,4794,49600,2256,5100,1
113.329,2,2131,4943,49563,2259,5092,1
113.384,2,2132,5098,49642,2260,5089,1
113.439,2,2133,5257,49712,2261,5093,1
113.494,2,2134,5422,49781,2259,5101,1
113.549,2,2135,5591,49852,2260,5113,1
113.604,2,2136,5766,49919,2260,5130,1
113.659,2,2137,5947,49984,2260,5152,1
113.714,2,2138,6132,50049,2258,5178,1
113.769,2,2139,6323,50111,2256,5211,1
113.824,2,2140,6520,50167,2253,5248,1
113.835,2,2141,6723,48828,2285,5290,1
113.889,2,2142,6934,48900,2280,5338,1
113.944,2,2143,7151,48993,2276,5389,1
113.999,2,2144,7374,49091,2272,5447,1
114.054,2,2145,7605,49184,2271,5510,1
114.110,2,2146,7842,49279,2288,5577,1
114.164,2,2147,8087,49352,2285,5650,1
114.219,2,2148,8340,49432,2288,5728,1
114.274,2,2149,8601,49509,2285,5812,1
114.329,2,2150,8870,49589,2283,5902,1
114.384,2,2151,9147,49666,2281,5998,1
114.439,2,2152,9432,49738,2279,6099,1
114.494,2,2153,9727,49809,2279,6206,1
114.549,2,2154,9403,49872,2276,6318,1
114.604,2,2155,9089,49938,2275,6417,1
114.659,2,2156,8789,50004,2273,6502,1
114.714,2,2157,8497,50069,2273,6577,1
114.769,2,2158,8215,50127,2271,6639,1
114.823,2,2159,7943,50186,2268,6692,1
114.833,2,2160,7679,48878,2202,6734,1
114.889,2,2161,7423,49034,2206,6765,1
114.944,2,2162,7175,49123,2205,6788,1
114.999,2,2163,6937,49215,2206,6801,1
115.054,2,2164,6707,49304,2209,6807,1
115.109,2,2165,6483,49387,2212,6807,1
115.165,2,2166,6269,49472,2222,6799,1
115.219,2,2167,6059,49542,2225,6785,1
115.274,2,2168,5857,49616,2223,6764,1
115.330,2,2169,5663,49690,2240,6738,1
115.384,2,2170,5475,49746,2242,6708,1
115.439,2,2171,5293,49813,2240,6672,1
115.494,2,2172,5117,49880,2240,6631,1
115.549,2,2173,4947,49952,2238,6587,1
115.604,2,2174,4783,50015,2237,6537,1
115.659,2,2175,4623,50074,2236,6485,1
115.714,2,2176,4469,50136,2235,6430,1
115.768,2,2177,4319,50195,2233,6371,1
115.823,2,2178,4175,50250,2232,6310,1
115.834,2,2179,4037,48916,2233,6245,1
115.889,2,2180,3903,49012,2237,6179,1
115.944,2,2181,4024,49097,2241,6110,1
115.999,2,2182,4149,49186,2240,6048,1
116.054,2,2183,4278,49278,2237,5990,1
116.109,2,2184,4411,49363,2237,5939,1
116.164,2,2185,4548,49448,2237,5892,1
116.219,2,2186,4691,49534,2246,5852,1
116.275,2,2187,4838,49624,2258,5818,1
116.330,2,2188,4989,49693,2257,5790,1
116.385,2,2189,5144,49766,2255,5768,1
116.440,2,2190,5305,49842,2254,5751,1
116.495,2,2191,5470,49914,2256,5740,1
116.550,2,2192,5641,49979,2255,5735,1
116.605,2,2193,5818,50041,2257,5736,1
116.659,2,2194,5999,50098,2255,5740,1
116.714,2,2195,6186,50159,2251,5750,1
116.769,2,2196,6379,50215,2251,5767,1
116.825,2,2197,6167,50273,2277,7184,1
116.836,2,2198,5963,48909,2303,7155,1
116.890,2,2199,5765,48995,2301,7120,1
116.945,2,2200,5575,49086,2299,7079,1
117.000,2,2201,5391,49177,2297,7034,1
117.055,2,2202,5213,49264,2293,6984,1
117.110,2,2203,5039,49347,2290,6931,1
117.165,2,2204,4871,49432,2288,6873,1
117.220,2,2205,4709,49509,2283,6812,1
117.275,2,2206,4553,49590,2288,6748,1
117.330,2,2207,4403,49658,2289,6682,1
117.385,2,2208,4257,49725,2284,6613,1
117.439,2,2209,4115,49794,2282,6541,1
117.494,2,2210,3979,49859,2282,6466,1
117.549,2,2211,3847,49929,2278,6392,1
117.604,2,2212,3719,49991,2275,6315,1
117.659,2,2213,3836,50049,2270,6236,1
117.714,2,2214,3955,50111,2273,6162,1
117.769,2,2215,4078,50166,2271,6096,1
117.824,2,2216,4205,50222,2268,6036,1
117.834,2,2217,4336,48875,2266,6023,1
117.889,2,2218,4471,48972,2264,5972,1
117.944,2,2219,4610,49063,2260,5927,1
117.999,2,2220,4755,49155,2258,5888,1
118.054,2,2221,4904,49240,2256,5855,1
118.109,2,2222,5057,49326,2256,5827,1
118.163,2,2223,5216,49409,2256,5805,1
118.218,2,2224,5379,49488,2257,5788,1
118.273,2,2225,5548,49564,2255,5778,1
118.329,2,2226,5721,49650,2260,5774,1
118.383,2,2227,5900,49717,2258,5775,1
118.438,2,2228,6085,49785,2257,5781,1
118.493,2,2229,6276,49855,2256,5792,1
118.548,2,2230,6473,49913,2254,5810,1
118.603,2,2231,6676,49975,2255,5832,1
118.658,2,2232,6885,50036,2256,5860,1
118.712,2,2233,7100,50094,2256,5894,1
118.767,2,2234,7321,50150,2255,5934,1
118.822,2,2235,7550,50206,2254,5979,1
118.835,2,2236,7785,48937,2257,6031,1
118.890,2,2237,8028,49029,2258,6089,1
118.945,2,2238,7762,49125,2256,6152,1
119.000,2,2239,7504,49108,2263,6205,1
119.055,2,2240,7256,49192,2263,6248,1
119.109,2,2241,7016,49275,2257,6282,1
119.164,2,2242,6782,49359,2254,6308,1
119.219,2,2243,6556,49443,2255,6325,1
119.274,2,2244,6338,49521,2255,6334,1
119.329,2,2245,6128,49596,2260,6337,1
119.384,2,2246,5924,49673,2264,6332,1
119.439,2,2247,5728,49736,2264,6322,1
119.494,2,2248,5538,49805,2264,6306,1
119.549,2,2249,5354,49875,2260,6285,1
119.604,2,2250,5176,49940,2257,6259,1
119.659,2,2251,5337,50003,2256,6227,1
119.714,2,2252,5504,50065,2260,6202,1
119.769,2,2253,5677,50123,2263,6182,1
119.824,2,2254,5854,50183,2263,6167,1
119.834,2,2255,5660,48848,2262,6174,1
119.889,2,2256,5472,48943,2259,6161,1
119.944,2,2257,5290,49037,2256,6143,1
119.999,2,2258,5455,49129,2251,6120,1
120.053,2,2259,5626,49219,2248,6102,1
120.108,2,2260,5801,49301,2248,6090,1
120.163,2,2261,5982,49383,2248,6083,1
120.218,2,2262,6169,49459,2249,6082,1
120.273,2,2263,6362,49536,2246,6086,1
120.328,2,2264,6561,49616,2243,6098,1
120.383,2,2265,6766,49686,2250,6114,1
120.438,2,2266,6977,49759,2258,6137,1
120.493,2,2267,7196,49823,2255,6168,1
120.548,2,2268,7421,49896,2253,6203,1
120.603,2,2269,7652,49954,2253,6244,1
120.658,2,2270,7398,50015,2258,6290,1
120.712,2,2271,7152,50063,2259,6328,1
120.767,2,2272,6914,50121,2258,6355,1
120.822,2,2273,6686,50182,2259,6375,1
120.835,2,2274,6464,48903,2262,6422,1
120.889,2,2275,6250,48993,2259,6426,1
120.944,2,2276,6042,49082,2257,6423,1
120.999,2,2277,5842,49172,2255,6414,1
121.054,2,2278,5648,49261,2253,6398,1
121.109,2,2279,5460,49348,2253,6378,1
121.164,2,2280,5280,49427,2255,6352,1
121.219,2,2281,5104,49504,2256,6322,1
121.274,2,2282,4934,49584,2254,6287,1
121.329,2,2283,4770,49657,2254,6246,1
121.384,2,2284,4919,49730,2253,6202,1
121.439,2,2285,5072,49799,2256,6164,1
121.494,2,2286,5231,49875,2259,6131,1
121.549,2,2287,5394,49938,2256,6106,1
121.604,2,2288,5563,50000,2256,6086,1
121.659,2,2289,5736,50068,2254,6072,1
121.714,2,2290,5915,50130,2249,6063,1
121.769,2,2291,6100,50189,2246,6061,1
121.824,2,2292,6291,50246,2247,6065,1
121.835,2,2293,6488,48909,2264,6074,1
121.889,2,2294,6691,48987,2261,6089,1
121.944,2,2295,6900,49080,2257,6111,1
121.999,2,2296,7115,49168,2255,6138,1
122.054,2,2297,6879,49256,2260,6170,1
122.108,2,2298,6651,49333,2256,6195,1
122.163,2,2299,6429,49414,2254,6213,1
122.218,2,2300,6215,49496,2251,6222,1
122.273,2,2301,6009,49579,2248,6225,1
122.328,2,2302,5809,49655,2244,6221,1
122.383,2,2303,5990,49730,2244,6210,1
122.438,2,2304,6177,49799,2245,6206,1
122.494,2,2305,6370,49877,2256,6208,1
122.548,2,2306,6569,49939,2255,6216,1
122.603,2,2307,6774,50005,2254,6229,1
122.658,2,2308,6985,50066,2254,6249,1
122.713,2,2309,6753,50125,2254,6274,1
122.768,2,2310,6529,50184,2252,6290,1
122.823,2,2311,6313,50242,2251,6299,1
122.832,2,2312,6103,48944,2251,6374,0
122.889,2,2313,5901,49089,2252,6368,1
122.944,2,2314,5705,49178,2253,6356,1
122.999,2,2315,5517,49268,2252,6338,1
123.054,2,2316,5335,49353,2254,6315,1
123.109,2,2317,5159,49429,2252,6288,1
123.164,2,2318,4987,49509,2250,6256,1
123.219,2,2319,4821,49590,2249,6218,1
123.273,2,2320,4972,49661,2245,6177,1
123.328,2,2321,5127,49736,2244,6141,1
123.383,2,2322,5288,49805,2243,6111,1
123.438,2,2323,5453,49880,2241,6087,1
123.493,2,2324,5624,49942,2242,6069,1
123.549,2,2325,5799,50011,2250,6059,1
123.603,2,2326,5980,50069,2248,6053,1
123.658,2,2327,6167,50125,2248,6053,1
123.713,2,2328,6360,50181,2247,6059,1
123.768,2,2329,6559,50236,2244,6070,1
123.823,2,2330,6764,50297,2241,6087,1
123.834,2,2331,6975,48977,2240,6118,1
123.889,2,2332,6743,49068,2238,6146,1
123.944,2,2333,6519,49160,2239,6167,1
123.999,2,2334,6301,49246,2237,6180,1
124.053,2,2335,6091,49330,2235,6186,1
124.108,2,2336,5889,49410,2231,6186,1
124.163,2,2337,6074,49488,2227,6180,1
124.218,2,2338,6263,49565,2227,6180,1
124.273,2,2339,6458,49640,2227,6185,1
124.328,2,2340,6659,49715,2223,6196,1
124.383,2,2341,6868,49790,2222,6214,1
124.438,2,2342,6640,49857,2220,6238,1
124.493,2,2343,6420,49925,2222,6254,1
124.547,2,2344,6208,49985,2220,6261,1
124.603,2,2345,6002,50054,2231,6262,1
124.658,2,2346,5802,50009,2231,6256,1
124.712,2,2347,5983,50067,2227,6244,1
124.767,2,2348,6170,50124,2226,6238,1
124.822,2,2349,6363,50183,2226,6239,1
124.835,2,2350,6151,48911,2238,6295,1
124.890,2,2351,5947,48999,2235,6292,1
124.945,2,2352,5749,49097,2233,6284,1
124.999,2,2353,5557,49187,2229,6269,1
125.054,2,2354,5371,49275,2230,6249,1
125.109,2,2355,5191,49360,2228,6224,1
125.164,2,2356,5019,49441,2228,6195,1
125.219,2,2357,5176,49524,2226,6162,1
125.274,2,2358,5337,49601,2222,6133,1
125.329,2,2359,5504,49679,2221,6110,1
125.384,2,2360,5677,49751,2221,6094,1
125.439,2,2361,5854,49823,2221,6085,1
125.494,2,2362,6037,49889,2219,6081,1
125.549,2,2363,6226,49958,2220,6083,1
125.605,2,2364,6421,50031,2236,6090,1
125.660,2,2365,6622,50095,2255,6102,1
125.715,2,2366,6829,50130,2262,6121,1
125.770,2,2367,7042,50174,2268,6146,1
125.825,2,2368,7263,50226,2270,6178,1
125.832,2,2369,6795,48856,2270,6184,0
125.888,2,2370,6569,48999,2268,6205,1
125.943,2,2371,6351,49094,2266,6220,1
125.998,2,2372,6141,49181,2261,6226,1
126.053,2,2373,5937,49268,2257,6225,1
126.108,2,2374,5739,49351,2253,6219,1
126.162,2,2375,5549,49432,2247,6206,1
126.217,2,2376,5722,49510,2246,6187,1
126.272,2,2377,5901,49587,2246,6174,1
126.327,2,2378,6086,49666,2244,6167,1
126.382,2,2379,6277,49739,2242,6167,1
126.437,2,2380,6474,49809,2242,6173,1
126.492,2,2381,6677,49878,2243,6184,1
126.547,2,2382,6886,49943,2239,6202,1
126.602,2,2383,7101,50007,2239,6227,1
126.657,2,2384,7322,50069,2239,6257,1
126.712,2,2385,7080,50134,2246,6293,1
126.767,2,2386,6844,50184,2245,6319,1
126.822,2,2387,6616,50242,2241,6339,1
126.839,2,2388,6396,49123,2244,6402,1
126.894,2,2389,6182,49210,2242,6403,1
126.949,2,2390,5976,49297,2239,6398,1
127.004,2,2391,5778,49379,2240,6387,1
127.059,2,2392,5586,49468,2248,6370,1
127.115,2,2393,5400,49550,2254,6349,1
127.170,2,2394,5220,49628,2253,6323,1
127.225,2,2395,5046,49699,2252,6291,1
127.280,2,2396,4878,49767,2252,6253,1
127.335,2,2397,5031,49831,2254,6212,1
127.389,2,2398,5188,49899,2251,6178,1
127.444,2,2399,5351,49964,2255,6149,1
127.499,2,2400,5518,50020,2255,6126,1
127.554,2,2401,5691,50083,2252,6108,1
127.609,2,2402,5868,50146,2254,6097,1
127.664,2,2403,6051,50201,2255,6093,1
127.719,2,2404,6240,50252,2262,6093,1
127.774,2,2405,6435,50308,2260,6102,1
127.831,2,2406,6636,50360,2321,6115,1
127.884,2,2407,6843,50354,2318,6134,1
127.939,2,2408,7056,50400,2314,6159,1
127.994,2,2409,7277,50449,2311,6190,1
128.049,2,2410,7504,50498,2308,6225,1
128.104,2,2411,7739,50538,2309,6267,1
128.159,2,2412,7980,50579,2308,6315,1
128.214,2,2413,7714,50624,2305,6371,1
128.269,2,2414,7458,50667,2302,6415,1
128.323,2,2415,7210,50707,2298,6451,1
128.378,2,2416,6970,50748,2294,6476,1
128.433,2,2417,6738,50786,2290,6494,1
128.488,2,2418,6514,50824,2289,6505,1
128.543,2,2419,6298,50858,2286,6507,1
128.598,2,2420,6090,50892,2287,6502,1
128.653,2,2421,5888,50930,2284,6491,1
128.708,2,2422,5694,50965,2282,6474,1
128.763,2,2423,5504,50997,2279,6451,1
128.818,2,2424,5322,51036,2285,6423,1
128.835,2,2425,5146,49858,2290,6391,1
128.890,2,2426,4976,49915,2288,6354,1
128.944,2,2427,4810,49979,2283,6312,1
129.000,2,2428,4650,50044,2282,6268,1
129.054,2,2429,4795,50102,2279,6221,1
129.109,2,2430,4944,50162,2279,6178,1
129.164,2,2431,5099,50217,2279,6142,1
129.219,2,2432,5258,50272,2278,6113,1
129.274,2,2433,5423,50323,2276,6088,1
129.329,2,2434,5592,50376,2274,6070,1
129.384,2,2435,5767,50423,2274,6057,1
129.439,2,2436,5948,50474,2274,6051,1
129.494,2,2437,6133,50522,2272,6049,1
129.549,2,2438,6324,50568,2269,6055,1
129.604,2,2439,6521,50612,2267,6065,1
129.659,2,2440,6724,50652,2268,6081,1
129.714,2,2441,6935,50693,2268,6104,1
129.769,2,2442,7152,50736,2265,6132,1
129.824,2,2443,7375,50775,2270,6165,1
129.832,2,2444,6899,49411,2270,6195,0
129.889,2,2445,6669,49539,2273,6219,1
129.944,2,2446,6449,49619,2271,6235,1
129.999,2,2447,6235,49693,2270,6243,1
130.053,2,2448,6029,49763,2267,6245,1
130.108,2,2449,5829,49833,2265,6241,1
130.163,2,2450,6012,49899,2263,6229,1
130.218,2,2451,6199,49964,2258,6226,1
130.273,2,2452,6392,50027,2258,6229,1
130.328,2,2453,6591,50091,2254,6237,1
130.383,2,2454,6371,49990,2253,6251,1
130.438,2,2455,6159,50049,2249,6260,1
130.493,2,2456,6352,50111,2251,6260,1
130.548,2,2457,6551,50166,2253,6265,1
130.603,2,2458,6756,50221,2252,6276,1
130.658,2,2459,6532,50276,2248,6293,1
130.712,2,2460,6316,50327,2244,6303,1
130.767,2,2461,6106,50377,2243,6305,1
130.822,2,2462,6297,50424,2244,6302,1
130.835,2,2463,6089,49153,2243,6340,1
130.890,2,2464,5887,49251,2253,6335,1
130.945,2,2465,5691,49332,2255,6323,1
131.000,2,2466,5501,49416,2253,6305,1
131.055,2,2467,5317,49503,2252,6281,1
131.110,2,2468,5141,49581,2251,6252,1
131.165,2,2469,4971,49655,2247,6219,1
131.220,2,2470,5126,49729,2251,6183,1
131.275,2,2471,5287,49799,2249,6153,1
131.330,2,2472,5452,49864,2248,6129,1
131.385,2,2473,5623,49932,2247,6110,1
131.440,2,2474,5798,49990,2249,6096,1
131.495,2,2475,5979,50051,2247,6089,1
131.550,2,2476,6166,50109,2243,6087,1
131.605,2,2477,6359,50167,2244,6092,1
131.660,2,2478,6558,50223,2244,6102,1
131.715,2,2479,6763,50279,2244,6120,1
131.769,2,2480,6974,50326,2243,6142,1
131.824,2,2481,7191,50377,2243,6170,1
131.832,2,2482,6727,49020,2243,6194,0
131.889,2,2483,6505,49164,2245,6214,1
131.944,2,2484,6289,49256,2253,6225,1
131.999,2,2485,6081,49343,2252,6229,1
132.054,2,2486,5879,49423,2251,6227,1
132.109,2,2487,5683,49501,2247,6218,1
132.164,2,2488,5493,49577,2247,6203,1
132.219,2,2489,5664,49653,2245,6184,1
132.273,2,2490,5841,49724,2244,6170,1
132.328,2,2491,6024,49793,2242,6163,1
132.383,2,2492,6213,49861,2240,6161,1
132.438,2,2493,6408,49929,2238,6165,1
132.493,2,2494,6609,49998,2237,6174,1
132.548,2,2495,6816,50058,2236,6190,1
132.603,2,2496,7029,50107,2234,6213,1
132.658,2,2497,7248,50165,2231,6242,1
132.713,2,2498,7475,50224,2231,6275,1
132.768,2,2499,7227,50284,2231,6314,1
132.823,2,2500,6987,50336,2233,6344,1
132.835,2,2501,6755,49039,2243,6380,1
132.890,2,2502,6531,49125,2239,6395,1
132.945,2,2503,6315,49217,2241,6401,1
133.000,2,2504,6105,49307,2253,6402,1
133.055,2,2505,5903,49384,2251,6394,1
133.110,2,2506,5707,49465,2253,6382,1
133.165,2,2507,5519,49549,2255,6363,1
133.220,2,2508,5337,49626,2254,6340,1
133.275,2,2509,5159,49695,2255,6312,1
133.330,2,2510,4987,49771,2253,6278,1
133.385,2,2511,4821,49840,2251,6240,1
133.440,2,2512,4972,49907,2253,6198,1
133.495,2,2513,5127,49968,2252,6161,1
133.550,2,2514,5288,50033,2251,6132,1
133.605,2,2515,5453,50094,2250,6108,1
133.659,2,2516,5624,50153,2248,6089,1
133.714,2,2517,5799,50211,2247,6078,1
133.769,2,2518,5980,50267,2246,6072,1
133.825,2,2519,6167,50324,2248,6072,1
133.832,2,2520,6360,48955,2186,6079,1
133.889,2,2521,6559,49105,2191,6091,1
133.944,2,2522,6764,49194,2192,6109,1
133.998,2,2523,6975,49279,2191,6131,1
134.054,2,2524,7192,49369,2195,6159,1
134.109,2,2525,6954,49447,2197,6193,1
134.163,2,2526,6722,49526,2199,6219,1
134.218,2,2527,6500,49596,2199,6238,1
134.273,2,2528,6284,49672,2199,6248,1
134.328,2,2529,6076,49747,2196,6253,1
134.383,2,2530,5874,49819,2195,6251,1
134.438,2,2531,5678,49889,2192,6242,1
134.493,2,2532,5855,49965,2191,6227,1
134.548,2,2533,6038,50026,2194,6217,1
134.603,2,2534,6227,50087,2195,6213,1
134.658,2,2535,6422,50143,2198,6216,1
134.713,2,2536,6623,50191,2196,6224,1
134.768,2,2537,6830,50246,2198,6238,1
134.822,2,2538,7043,50299,2200,6260,1
134.835,2,2539,6809,49018,2202,6305,1
134.889,2,2540,6583,49108,2202,6323,1
134.944,2,2541,6363,49200,2202,6333,1
134.999,2,2542,6151,49289,2202,6337,1
135.054,2,2543,5947,49375,2201,6333,1
135.110,2,2544,5749,49466,2209,6324,1
135.164,2,2545,5557,49537,2209,6309,1
135.219,2,2546,5371,49615,2210,6287,1
135.274,2,2547,5191,49691,2207,6262,1
135.329,2,2548,5019,49773,2206,6232,1
135.384,2,2549,5176,49838,2209,6195,1
135.439,2,2550,5337,49903,2208,6165,1
135.494,2,2551,5504,49971,2208,6143,1
135.549,2,2552,5677,50034,2207,6125,1
135.604,2,2553,5854,50096,2207,6113,1
135.659,2,2554,6037,50153,2209,6107,1
135.714,2,2555,6226,50208,2210,6106,1
135.769,2,2556,6421,50265,2210,6112,1
135.824,2,2557,6622,50315,2210,6124,1
135.835,2,2558,6402,48973,2244,6143,1
135.889,2,2559,6190,49040,2242,6153,1
135.944,2,2560,5984,49129,2239,6156,1
135.999,2,2561,5786,49215,2238,6152,1
136.054,2,2562,5967,49213,2239,6143,1
136.109,2,2563,6154,49297,2246,6139,1
136.164,2,2564,6347,49379,2252,6142,1
136.219,2,2565,6546,49456,2254,6150,1
136.274,2,2566,6751,49533,2252,6164,1
136.329,2,2567,6962,49607,2253,6184,1
136.384,2,2568,7179,49680,2254,6210,1
136.438,2,2569,6941,49750,2251,6243,1
136.493,2,2570,6711,49819,2252,6267,1
136.548,2,2571,6487,49884,2253,6282,1
136.603,2,2572,6271,49946,2251,6291,1
136.658,2,2573,6061,50010,2253,6293,1
136.713,2,2574,5859,50072,2254,6289,1
136.768,2,2575,5665,50134,2253,6278,1
136.823,2,2576,5842,50191,2251,6261,1
136.835,2,2577,5648,48892,2263,6296,1
136.890,2,2578,5460,48988,2263,6278,1
136.945,2,2579,5280,49080,2265,6254,1
137.000,2,2580,5104,49167,2263,6226,1
137.055,2,2581,4934,49261,2263,6193,1
137.110,2,2582,5089,49343,2262,6156,1
137.165,2,2583,5248,49426,2267,6124,1
137.220,2,2584,5413,49507,2271,6100,1
137.275,2,2585,5582,49578,2269,6081,1
137.330,2,2586,5757,49653,2271,6068,1
137.385,2,2587,5936,49727,2273,6061,1
137.439,2,2588,6121,49793,2272,6060,1
137.495,2,2589,6312,49868,2272,6063,1
137.549,2,2590,6509,49933,2270,6073,1
137.604,2,2591,6712,50001,2269,6088,1
137.659,2,2592,6921,50060,2267,6111,1
137.714,2,2593,7138,50122,2265,6139,1
137.769,2,2594,7361,50181,2263,6172,1
137.824,2,2595,7592,50242,2259,6211,1
137.832,2,2596,7104,48888,2259,6233,0
137.888,2,2597,6870,49036,2261,6263,1
137.943,2,2598,6642,49130,2263,6283,1
137.998,2,2599,6420,49217,2263,6296,1
138.053,2,2600,6208,49304,2262,6301,1
138.108,2,2601,6002,49383,2259,6300,1
138.163,2,2602,5802,49460,2255,6293,1
138.218,2,2603,5610,49543,2262,6281,1
138.273,2,2604,5424,49617,2258,6262,1
138.328,2,2605,5244,49690,2258,6238,1
138.383,2,2606,5407,49759,2257,6210,1
138.438,2,2607,5576,49828,2256,6188,1
138.493,2,2608,5751,49894,2255,6172,1
138.547,2,2609,5930,49958,2255,6161,1
138.602,2,2610,6115,50020,2256,6156,1
138.657,2,2611,6306,50078,2254,6157,1
138.712,2,2612,6503,50137,2252,6164,1
138.767,2,2613,6706,50193,2253,6177,1
138.822,2,2614,6915,50248,2251,6197,1
138.835,2,2615,6687,48985,2252,6252,1
138.890,2,2616,6465,49078,2250,6269,1
138.944,2,2617,6251,49163,2245,6278,1
138.999,2,2618,6043,49253,2245,6280,1
139.055,2,2619,5843,49342,2247,6274,1
139.109,2,2620,5649,49424,2245,6264,1
139.165,2,2621,5461,49505,2247,6248,1
139.219,2,2622,5279,49580,2248,6225,1
139.275,2,2623,5444,49665,2255,6197,1
139.330,2,2624,5615,49733,2256,6176,1
139.385,2,2625,5790,49804,2253,6161,1
139.440,2,2626,5971,49876,2253,6151,1
139.495,2,2627,6158,49941,2251,6149,1
139.550,2,2628,6351,50005,2249,6151,1
139.604,2,2629,6550,50067,2247,6160,1
139.660,2,2630,6755,50131,2252,6174,1
139.715,2,2631,6966,50187,2253,6194,1
139.770,2,2632,7183,50246,2254,6222,1
139.824,2,2633,7408,50297,2253,6256,1
139.832,2,2634,6930,48934,2253,6269,0
139.888,2,2635,6700,49080,2252,6292,1
139.943,2,2636,6478,49170,2250,6306,1
139.998,2,2637,6264,49255,2247,6313,1
140.053,2,2638,6056,49343,2245,6314,1
140.108,2,2639,5854,49421,2247,6307,1
140.163,2,2640,5660,49500,2246,6295,1
140.218,2,2641,5472,49576,2247,6278,1
140.273,2,2642,5290,49652,2245,6256,1
140.328,2,2643,5114,49731,2248,6230,1
140.383,2,2644,5273,49796,2247,6197,1
140.438,2,2645,5438,49861,2245,6171,1
140.492,2,2646,5607,49927,2243,6150,1
140.547,2,2647,5782,49990,2239,6139,1
140.602,2,2648,5963,50052,2240,6129,1
140.657,2,2649,6150,50112,2238,6125,1
140.712,2,2650,6343,50171,2240,6129,1
140.767,2,2651,6542,50230,2238,6137,1
140.822,2,2652,6747,50285,2236,6152,1
140.835,2,2653,6523,49015,2244,6215,1
140.890,2,2654,6305,49105,2242,6227,1
140.945,2,2655,6095,49196,2240,6232,1
140.999,2,2656,5893,49282,2237,6230,1
141.054,2,2657,5699,49370,2235,6222,1
141.109,2,2658,5511,49451,2238,6208,1
141.164,2,2659,5684,49529,2235,6189,1
141.219,2,2660,5494,49604,2238,7419,1
141.274,2,2661,5310,49679,2239,7360,1
141.329,2,2662,5132,49752,2239,7298,1
141.385,2,2663,4962,49830,2250,7232,1
141.440,2,2664,4798,49891,2254,7164,1
141.495,2,2665,4638,49954,2256,7093,1
141.550,2,2666,4484,50021,2255,7019,1
141.604,2,2667,4336,50081,2254,6942,1
141.659,2,2668,4192,50139,2251,6864,1
141.714,2,2669,4052,50201,2250,6783,1
141.769,2,2670,3918,50106,2249,6699,1
141.824,2,2671,3788,50167,2246,6614,1
141.834,2,2672,3662,48806,2249,6585,1
141.889,2,2673,3540,48909,2249,6497,1
141.944,2,2674,3422,49005,2248,6406,1
141.999,2,2675,3308,49099,2246,6316,1
142.054,2,2676,3198,49191,2247,6223,1
142.109,2,2677,3297,49280,2243,6131,1
142.164,2,2678,3400,49364,2241,6045,1
142.219,2,2679,3507,49444,2239,5966,1
142.273,2,2680,3616,49524,2235,5891,1
142.328,2,2681,3729,49601,2236,5823,1
142.383,2,2682,3605,49677,2238,6576,1
142.439,2,2683,3485,49753,2246,6484,1
142.494,2,2684,3369,49821,2244,6393,1
142.549,2,2685,3257,49890,2244,6300,1
142.603,2,2686,3358,49958,2241,6208,1
142.658,2,2687,3463,50022,2242,6122,1
142.713,2,2688,3572,50088,2243,6041,1
142.768,2,2689,3683,50151,2242,5967,1
142.823,2,2690,3798,50212,2240,5899,1
142.835,2,2691,3917,48904,2247,5836,1
142.890,2,2692,4040,48993,2245,5780,1
142.945,2,2693,4167,49088,2248,5728,1
143.000,2,2694,4298,49179,2249,5683,1
143.054,2,2695,4433,49264,2246,5643,1
143.109,2,2696,4572,49350,2244,5608,1
143.164,2,2697,4715,49433,2243,5577,1
143.219,2,2698,4862,49513,2241,5552,1
143.274,2,2699,5013,49590,2241,5532,1
143.329,2,2700,5170,49668,2239,5518,1
143.384,2,2701,5331,49743,2238,5509,1
143.439,2,2702,5498,49811,2235,5507,1
143.494,2,2703,5669,49887,2239,5509,1
143.549,2,2704,5846,49947,2237,5517,1
143.604,2,2705,6029,50010,2233,5528,1
143.659,2,2706,6218,50075,2230,5545,1
143.714,2,2707,6413,50133,2226,5568,1
143.769,2,2708,6614,50192,2225,5596,1
143.824,2,2709,6821,50252,2228,5630,1
143.835,2,2710,7034,48918,2241,5670,1
143.889,2,2711,7253,49005,2241,5715,1
143.945,2,2712,7480,49101,2242,5765,1
143.999,2,2713,7713,49189,2240,5820,1
144.054,2,2714,7954,49273,2238,5881,1
144.109,2,2715,8203,49358,2239,5949,1
144.164,2,2716,8460,49441,2236,6022,1
144.219,2,2717,8725,49520,2235,6101,1
144.274,2,2718,8998,49602,2237,6185,1
144.329,2,2719,8700,49673,2235,6275,1
144.384,2,2720,8410,49742,2237,6353,1
144.439,2,2721,8130,49810,2235,6421,1
144.494,2,2722,7860,49881,2239,6476,1
144.549,2,2723,7598,49950,2247,6522,1
144.604,2,2724,7346,50007,2246,6559,1
144.659,2,2725,7102,50067,2247,6585,1
144.714,2,2726,6866,50124,2244,6603,1
144.769,2,2727,6638,50183,2247,6615,1
144.823,2,2728,6418,50236,2244,6618,1
144.835,2,2729,6206,48927,2250,6615,1
144.889,2,2730,6000,49018,2248,6606,1
144.945,2,2731,5800,49115,2248,6591,1
144.999,2,2732,5608,49202,2246,6569,1
145.054,2,2733,5422,49290,2243,6541,1
145.109,2,2734,5242,49375,2244,7694,1
145.164,2,2735,5068,49457,2250,7620,1
145.219,2,2736,4900,49525,2255,7543,1
145.274,2,2737,4738,49603,2256,7462,1
145.329,2,2738,4582,49674,2253,7379,1
145.384,2,2739,4430,49744,2252,7295,1
145.439,2,2740,4284,49815,2252,7209,1
145.494,2,2741,4140,49885,2255,7119,1
145.549,2,2742,4002,49953,2259,7934,1
145.604,2,2743,3870,50020,2263,7814,1
145.659,2,2744,3742,50078,2261,7693,1
145.714,2,2745,3618,50137,2260,7572,1
145.769,2,2746,3498,50193,2261,7450,1
145.824,2,2747,3382,50248,2265,7330,1
145.834,2,2748,3270,48897,2269,7208,1
145.889,2,2749,3162,48988,2271,7088,1
145.944,2,2750,3058,49085,2270,6969,1
145.999,2,2751,2956,49174,2270,6850,1
146.054,2,2752,2858,49261,2268,6731,1
146.108,2,2753,2762,49345,2266,6612,1
146.163,2,2754,2670,49429,2266,6495,1
146.219,2,2755,2580,49511,2265,6379,1
146.273,2,2756,2494,49588,2262,6262,1
146.328,2,2757,2571,49663,2259,6147,1
146.383,2,2758,2652,49735,2259,6038,1
146.438,2,2759,2735,49804,2259,5935,1
146.493,2,2760,2820,49870,2258,5838,1
146.548,2,2761,2909,49939,2255,5745,1
146.603,2,2762,3000,50003,2264,5659,1
146.658,2,2763,3093,50064,2268,5578,1
146.713,2,2764,3190,50122,2266,5502,1
146.768,2,2765,3289,50180,2264,5433,1
146.823,2,2766,3392,50237,2259,6088,1
146.835,2,2767,3499,48942,2264,6007,1
146.890,2,2768,3608,49034,2265,5930,1
146.945,2,2769,3721,49124,2265,5860,1
147.000,2,2770,3838,49213,2261,5796,1
147.055,2,2771,3957,49301,2258,5738,1
147.109,2,2772,4080,49383,2255,5685,1
147.164,2,2773,4207,49463,2255,5637,1
147.219,2,2774,4338,49541,2254,5594,1
147.274,2,2775,4473,49617,2255,5557,1
147.329,2,2776,4612,49689,2257,5526,1
147.384,2,2777,4757,49665,2256,5499,1
147.439,2,2778,4906,49739,2257,5478,1
147.494,2,2779,5059,49810,2255,5463,1
147.549,2,2780,5218,49878,2255,5452,1
147.604,2,2781,5381,49946,2262,5447,1
147.659,2,2782,5550,50015,2265,5447,1
147.714,2,2783,5723,50072,2263,5453,1
147.769,2,2784,5902,50132,2264,5464,1
147.824,2,2785,6087,50187,2260,5479,1
147.834,2,2786,6278,48854,2259,5500,1
147.889,2,2787,6475,48948,2261,5527,1
147.944,2,2788,6678,49041,2261,5560,1
147.999,2,2789,6887,49130,2260,5597,1
148.054,2,2790,7102,49220,2256,5640,1
148.109,2,2791,7323,49306,2254,5688,1
148.164,2,2792,7552,49390,2253,5741,1
148.219,2,2793,7789,49474,2251,5801,1
148.274,2,2794,8032,49553,2251,5865,1
148.329,2,2795,8283,49633,2250,5934,1
148.384,2,2796,8542,49705,2254,6011,1
148.439,2,2797,8809,49773,2252,6092,1
148.493,2,2798,9084,49841,2249,6179,1
148.549,2,2799,8782,49909,2251,6271,1
148.603,2,2800,8490,49970,2249,6351,1
148.658,2,2801,8208,50033,2247,6421,1
148.714,2,2802,7936,50098,2258,6480,1
148.768,2,2803,7674,50153,2257,6527,1
148.823,2,2804,7418,50210,2256,6564,1
148.835,2,2805,7170,48901,2269,6593,1
148.890,2,2806,6932,48986,2269,6614,1
148.944,2,2807,6702,49081,2266,6627,1
149.000,2,2808,6480,49173,2269,6631,1
149.055,2,2809,6266,49259,2269,6628,1
149.110,2,2810,6058,49342,2267,6621,1
149.165,2,2811,5856,49430,2269,6605,1
149.220,2,2812,5662,49508,2266,6583,1
149.275,2,2813,5474,49587,2262,6556,1
149.330,2,2814,5292,49668,2259,6525,1
149.385,2,2815,5116,49743,2256,6488,1
149.440,2,2816,4946,49814,2252,6448,1
149.494,2,2817,4782,49883,2251,6405,1
149.550,2,2818,4622,49953,2252,6356,1
149.604,2,2819,4470,50019,2249,6304,1
149.660,2,2820,4609,50079,2251,6248,1
149.715,2,2821,4754,50137,2254,6200,1
149.770,2,2822,4903,50198,2259,6157,1
149.825,2,2823,5056,50248,2259,6120,1
149.834,2,2824,5215,48881,2258,6089,1
149.889,2,2825,5378,48980,2255,6064,1
149.944,2,2826,5547,49075,2256,6045,1
149.999,2,2827,5720,49163,2253,6032,1
150.054,2,2828,5899,49250,2252,6025,1
150.109,2,2829,6084,49338,2253,6022,1
150.164,2,2830,6275,49421,2250,6027,1
150.218,2,2831,6472,49499,2247,6036,1
150.273,2,2832,6675,49576,2246,6052,1
150.328,2,2833,6884,49651,2246,6074,1
150.383,2,2834,7099,49719,2245,6102,1
150.438,2,2835,7320,49790,2245,6135,1
150.493,2,2836,7549,49860,2242,6173,1
150.548,2,2837,7784,49926,2241,6218,1
150.603,2,2838,7526,49988,2238,6269,1
150.658,2,2839,7276,50050,2241,6311,1
150.713,2,2840,7034,50106,2238,6344,1
150.768,2,2841,6800,50163,2237,6368,1
150.823,2,2842,6574,50224,2248,6384,1
150.835,2,2843,6356,48926,2256,6402,1
150.890,2,2844,6146,49013,2253,6404,1
150.945,2,2845,5942,49108,2251,6399,1
151.000,2,2846,5744,49203,2250,6386,1
151.055,2,2847,5552,49291,2248,6367,1
151.109,2,2848,5368,49369,2247,6343,1
151.165,2,2849,5190,49454,2252,6317,1
151.220,2,2850,5018,49529,2252,6284,1
151.274,2,2851,4852,49603,2249,6248,1
151.329,2,2852,5003,49681,2252,6206,1
151.384,2,2853,5160,49751,2252,6171,1
151.439,2,2854,5321,49820,2254,6141,1
151.494,2,2855,5488,49885,2254,6118,1
151.549,2,2856,5659,49951,2255,6100,1
151.604,2,2857,5836,50019,2255,6089,1
151.659,2,2858,6019,50078,2253,6083,1
151.714,2,2859,6208,50137,2253,6083,1
151.769,2,2860,6403,50192,2257,6089,1
151.824,2,2861,6604,50247,2257,6102,1
151.835,2,2862,6386,48902,2284,6119,1
151.890,2,2863,6174,48994,2282,6130,1
151.945,2,2864,6367,49084,2279,6133,1
151.999,2,2865,6566,49173,2276,6142,1
152.055,2,2866,6771,49269,2273,6158,1
152.110,2,2867,6545,49354,2273,6179,1
152.165,2,2868,6329,49436,2270,6192,1
152.219,2,2869,6119,49516,2266,6199,1
152.274,2,2870,6310,49592,2266,6199,1
152.329,2,2871,6507,49667,2264,6205,1
152.384,2,2872,6710,49740,2264,6216,1
152.439,2,2873,6486,49808,2261,6234,1
152.494,2,2874,6270,49880,2260,6243,1
152.549,2,2875,6060,49949,2263,6246,1
152.604,2,2876,6249,50010,2264,6243,1
152.659,2,2877,6444,50070,2262,6246,1
152.714,2,2878,6645,50130,2264,6255,1
152.769,2,2879,6852,50188,2265,6270,1
152.824,2,2880,6626,50245,2264,6291,1
152.835,2,2881,6406,48914,2270,6304,1
152.890,2,2882,6194,49002,2274,6309,1
152.945,2,2883,5988,49102,2277,6307,1
153.000,2,2884,5790,49188,2276,6298,1
153.055,2,2885,5598,49180,2274,6284,1
153.110,2,2886,5412,49267,2280,6266,1
153.165,2,2887,5232,49343,2281,6243,1
153.219,2,2888,5058,49423,2278,6214,1
153.274,2,2889,5217,49506,2274,6180,1
153.329,2,2890,5380,49583,2273,6152,1
153.384,2,2891,5549,49657,2275,6130,1
153.439,2,2892,5722,49730,2276,6113,1
153.494,2,2893,5901,49805,2272,6102,1
153.549,2,2894,6086,49874,2273,6098,1
153.604,2,2895,6277,49939,2271,6100,1
153.659,2,2896,6474,50001,2269,6109,1
153.714,2,2897,6677,50061,2270,6122,1
153.769,2,2898,6886,50119,2270,6141,1
153.821,2,2899,6658,50180,2270,7576,0
153.834,2,2900,6438,48909,2278,7549,1
153.889,2,2901,6224,48997,2277,7517,1
153.944,2,2902,6018,49088,2282,7480,1
153.999,2,2903,5820,49177,2290,7437,1
154.054,2,2904,5626,49260,2287,7388,1
154.109,2,2905,5438,49342,2286,7335,1
154.164,2,2906,5256,49423,2285,7277,1
154.219,2,2907,5082,49504,2283,7216,1
154.273,2,2908,4914,49578,2280,7151,1
154.328,2,2909,4750,49658,2279,7083,1
154.383,2,2910,4592,49729,2276,7013,1
154.438,2,2911,4440,49799,2272,6941,1
154.493,2,2912,4292,49868,2269,6865,1
154.548,2,2913,4150,49936,2269,6786,1
154.603,2,2914,4012,50002,2269,6706,1
154.658,2,2915,3878,50064,2266,6624,1
154.713,2,2916,3750,50128,2265,6540,1
154.768,2,2917,3626,50184,2264,6454,1
154.823,2,2918,3506,50249,2261,6368,1
154.832,2,2919,3390,48957,2261,6447,0
154.889,2,2920,3276,49105,2259,6353,1
154.944,2,2921,3168,49195,2259,6260,1
155.000,2,2922,3062,49287,2270,6165,1
155.054,2,2923,3157,49367,2268,6071,1
155.109,2,2924,3256,49451,2266,5982,1
155.164,2,2925,3357,49528,2267,5898,1
155.219,2,2926,3462,49603,2266,5820,1
155.274,2,2927,3571,49677,2263,5748,1
155.329,2,2928,3682,49748,2261,5683,1
155.384,2,2929,3797,49819,2260,5622,1
155.439,2,2930,3916,49883,2258,5567,1
155.494,2,2931,4039,49953,2258,5517,1
155.549,2,2932,4166,50012,2258,5473,1
155.603,2,2933,4297,50071,2257,5435,1
155.658,2,2934,4432,50135,2254,5402,1
155.713,2,2935,4571,50191,2252,5373,1
155.768,2,2936,4714,50244,2253,5351,1
155.823,2,2937,4861,50299,2253,5333,1
155.835,2,2938,5012,48969,2277,5320,1
155.889,2,2939,5169,49044,2277,5312,1
155.944,2,2940,5330,49132,2275,5309,1
155.999,2,2941,5497,49222,2273,5311,1
156.054,2,2942,5668,49313,2280,5320,1
156.109,2,2943,5845,49391,2278,5333,1
156.164,2,2944,6028,49474,2276,5351,1
156.219,2,2945,6217,49556,2274,5374,1
156.274,2,2946,6412,49635,2270,5402,1
156.329,2,2947,6613,49712,2266,5437,1
156.384,2,2948,6820,49786,2264,5476,1
156.439,2,2949,7033,49857,2263,5520,1
156.494,2,2950,7252,49922,2260,5571,1
156.549,2,2951,7479,49989,2258,5625,1
156.603,2,2952,7712,50051,2256,5685,1
156.659,2,2953,7953,50117,2257,5751,1
156.714,2,2954,8202,50176,2257,5822,1
156.768,2,2955,8459,50227,2254,5898,1
156.823,2,2956,8724,50282,2256,5979,1
156.832,2,2957,8707,48966,2256,6048,0
156.889,2,2958,8980,49112,2264,6133,1
156.944,2,2959,8682,49198,2262,6225,1
156.999,2,2960,8394,49288,2260,6303,1
157.054,2,2961,8116,49380,2261,6372,1
157.110,2,2962,7846,49467,2272,6429,1
157.164,2,2963,7586,49538,2269,6476,1
157.217,2,2964,7334,49614,2269,7898,0
157.274,2,2965,7090,49743,2266,7883,1
157.329,2,2966,6854,49811,2271,7862,1
157.384,2,2967,6628,49876,2273,7833,1
157.439,2,2968,6408,49941,2271,7798,1
157.493,2,2969,6196,50001,2269,7756,1
157.548,2,2970,5990,50067,2269,7709,1
157.603,2,2971,5790,50127,2269,7658,1
157.658,2,2972,5598,50182,2270,7601,1
157.713,2,2973,5412,50241,2265,7540,1
157.768,2,2974,5232,50294,2262,7476,1
157.823,2,2975,5058,50344,2258,7408,1
157.834,2,2976,4890,49029,2261,7337,1
157.889,2,2977,4728,49120,2261,7264,1
157.944,2,2978,4570,49212,2258,7187,1
157.999,2,2979,4418,49297,2256,7108,1
158.054,2,2980,4272,49378,2254,7026,1
158.109,2,2981,4130,49461,2253,7876,1
158.164,2,2982,3992,49545,2265,7760,1
158.219,2,2983,3860,49618,2263,7644,1
158.274,2,2984,3732,49696,2261,7528,1
158.329,2,2985,3608,49764,2257,7412,1
158.384,2,2986,3488,49839,2254,7297,1
158.439,2,2987,3372,49907,2253,7181,1
158.494,2,2988,3260,49971,2253,7064,1
158.549,2,2989,3150,50032,2252,6948,1
158.604,2,2990,3046,50092,2254,6832,1
158.659,2,2991,2944,50150,2258,6715,1
158.713,2,2992,2848,50199,2260,6601,1
158.768,2,2993,2754,50162,2260,6485,1
158.823,2,2994,2664,50218,2259,6370,1
158.835,2,2995,2576,48909,2259,6258,1
158.889,2,2996,2490,49006,2256,6145,1
158.945,2,2997,2567,49096,2257,6033,1
158.999,2,2998,2648,49183,2253,5927,1
159.054,2,2999,2731,49271,2253,5828,1
159.109,20,3000,2816,49352,2252,5735,1
159.182,20,3001,2905,49994,2257,5645,1
159.256,20,3002,2996,50621,2267,5563,1
159.328,20,3003,3089,51222,2267,5486,1
159.401,20,3004,3186,51807,2266,5414,1
159.474,20,3005,3285,52379,2263,5346,1
159.547,20,3006,3388,52937,2264,5285,1
159.620,20,3007,3493,53471,2262,5228,1
159.693,20,3008,3602,53988,2262,5177,1
159.766,20,3009,3715,54485,2261,5129,1
159.834,20,3010,3832,54816,2259,5088,1
159.907,20,3011,3951,55293,2257,5050,1
159.980,20,3012,4074,55745,2254,5018,1
160.053,20,3013,4201,56191,2252,4990,1
160.126,20,3014,4332,56621,2252,4967,1
160.199,20,3015,4467,57035,2249,4950,1
160.272,20,3016,4606,57450,2257,4938,1
160.345,20,3017,4749,57837,2255,4929,1
160.418,20,3018,4898,58215,2252,4926,1
160.491,20,3019,5051,58584,2251,4928,1
160.564,20,3020,5208,58933,2250,4935,1
160.637,20,3021,5371,59277,2250,4945,1
160.709,20,3022,5538,59611,2248,4962,1
160.782,20,3023,5711,59935,2250,4983,1
160.835,20,3024,5890,59596,2254,5009,1
160.908,20,3025,6075,59920,2255,5039,1
160.980,20,3026,6264,60229,2254,5074,1
161.053,20,3027,6459,60535,2255,5114,1
161.126,20,3028,6660,60826,2253,5158,1
161.199,20,3029,6869,61115,2251,5207,1
161.272,20,3030,7084,61393,2259,5261,1
161.346,20,3031,7305,61664,2265,5321,1
161.418,20,3032,7534,61917,2267,5386,1
161.491,20,3033,7769,62165,2265,5455,1
161.564,20,3034,8012,62411,2267,5529,1
161.637,20,3035,8263,62643,2264,5609,1
161.710,20,3036,8522,62872,2268,5693,1
161.783,20,3037,8789,63089,2265,5783,1
161.834,20,3038,9064,62629,2268,5879,1
161.907,20,3039,9347,62858,2266,5980,1
161.980,20,3040,9640,63074,2267,6088,1
162.053,20,3041,9941,63288,2264,6201,1
162.126,20,3042,10252,63498,2261,6322,1
162.199,20,3043,10573,63699,2260,6448,1
162.272,20,3044,10904,63892,2259,6580,1
162.345,20,3045,11245,64092,2267,6718,1
162.418,20,3046,11596,64267,2268,6863,1
162.491,20,3047,11959,64446,2270,7013,1
162.564,20,3048,12332,64614,2275,7170,1
162.637,20,3049,12717,64773,2272,7335,1
162.710,20,3050,13114,64936,2271,7505,1
162.783,20,3051,13523,65090,2273,7683,1
162.835,20,3052,13946,64593,2275,7868,1
162.908,20,3053,14381,64758,2272,8060,1
162.981,20,3054,13903,64925,2273,8260,1
163.054,20,3055,13441,65085,2271,8438,1
163.127,20,3056,12995,65243,2268,8597,1
163.200,20,3057,12565,65393,2265,8736,1
163.273,20,3058,12149,65537,2264,8858,1
163.346,20,3059,11745,65678,2261,8964,1
163.419,20,3060,11355,65820,2272,9053,1
163.492,20,3061,10979,65939,2269,9128,1
163.565,20,3062,10615,66067,2270,9189,1
163.638,20,3063,10261,66188,2274,9235,1
163.711,20,3064,9921,66308,2276,9269,1
163.784,20,3065,9593,66422,2277,9293,1
163.834,20,3066,9273,65823,2278,9304,1
163.907,20,3067,8965,65949,2275,9304,1
163.980,20,3068,8669,66073,2271,9297,1
164.057,20,3069,8381,66265,2336,9280,1
164.130,20,3070,8101,66301,2343,9254,1
164.202,20,3071,7831,66402,2342,9221,1
164.276,20,3072,7571,66509,2350,9181,1
164.348,20,3073,7319,66615,2345,9133,1
164.422,20,3074,7077,66728,2342,9078,1
164.495,20,3075,6841,66833,2340,9017,1
164.568,20,3076,6613,66934,2333,8950,1
164.640,20,3077,6393,67032,2328,8880,1
164.713,20,3078,6179,67129,2321,8804,1
164.786,20,3079,5973,67221,2315,8724,1
164.835,20,3080,5775,66528,2316,8640,1
164.907,20,3081,5583,66633,2313,8554,1
164.981,20,3082,5399,66742,2312,8463,1
165.053,20,3083,5219,66841,2308,8371,1
165.126,20,3084,5382,66944,2306,8274,1
165.200,20,3085,5551,67042,2304,8189,1
165.272,20,3086,5724,67134,2298,8110,1
165.346,20,3087,5903,67236,2302,8038,1
165.419,20,3088,6088,67314,2308,7973,1
165.493,20,3089,6279,67404,2315,7917,1
165.565,20,3090,6476,67478,2311,7867,1
165.638,20,3091,6679,67556,2312,7825,1
165.711,20,3092,6888,67632,2312,7792,1
165.784,20,3093,7103,67705,2312,7767,1
165.834,20,3094,7324,67043,2316,7750,1
165.907,20,3095,7553,67135,2311,7740,1
165.980,20,3096,7790,67225,2307,7737,1
166.053,20,3097,8033,67315,2304,7741,1
166.126,20,3098,8284,67160,2301,7752,1
166.199,20,3099,8543,67249,2296,7771,1
166.272,20,3100,8810,67343,2293,7798,1
166.346,20,3101,9085,67430,2298,7832,1
166.418,20,3102,9368,67505,2294,7874,1
166.491,20,3103,9661,67584,2290,7923,1
166.565,20,3104,9962,67670,2294,7981,1
166.637,20,3105,10273,67741,2289,8045,1
166.711,20,3106,10594,67816,2285,8116,1
166.784,20,3107,10925,67881,2285,8197,1
166.835,20,3108,11266,67269,2304,8285,1
166.908,20,3109,11619,67339,2309,8380,1
166.981,20,3110,11233,67422,2303,8483,1
167.054,20,3111,10859,67504,2297,8570,1
167.127,20,3112,10499,67581,2293,8644,1
167.200,20,3113,10151,67659,2293,8703,1
167.273,20,3114,9813,67728,2292,8749,1
167.346,20,3115,9487,67801,2289,8785,1
167.419,20,3116,9173,67868,2296,8809,1
167.492,20,3117,8869,67931,2291,8823,1
167.565,20,3118,8575,68001,2290,8827,1
167.638,20,3119,8289,68061,2284,8822,1
167.711,20,3120,8013,68125,2280,8808,1
167.784,20,3121,7747,68182,2275,8787,1
167.834,20,3122,7491,67524,2277,8758,1
167.907,20,3123,7243,67600,2274,8721,1
167.980,20,3124,7003,67675,2271,8676,1
168.053,20,3125,6771,67746,2269,8627,1
168.126,20,3126,6545,67819,2265,8572,1
168.199,20,3127,6329,67884,2268,8511,1
168.272,20,3128,6526,67950,2264,8445,1
168.345,20,3129,6729,68014,2261,8387,1
168.417,20,3130,6940,68076,2258,8338,1
168.491,20,3131,7157,68141,2262,8296,1
168.564,20,3132,7380,68198,2260,8263,1
168.637,20,3133,7611,68261,2265,8238,1
168.710,20,3134,7848,68313,2260,8222,1
168.783,20,3135,8093,68369,2258,8212,1
168.834,20,3136,8346,67741,2268,8211,1
168.907,20,3137,8607,67812,2268,8217,1
168.980,20,3138,8876,67881,2267,8230,1
169.053,20,3139,9153,67948,2268,8252,1
169.126,20,3140,9440,68009,2268,8282,1
169.199,20,3141,9735,68072,2267,8320,1
169.272,20,3142,10040,68135,2267,8366,1
169.345,20,3143,10353,68194,2266,8421,1
169.418,20,3144,10676,68253,2265,8483,1
169.491,20,3145,10320,68310,2269,8554,1
169.564,20,3146,9978,68360,2266,8612,1
169.637,20,3147,9646,68415,2263,8658,1
169.711,20,3148,9326,68473,2273,8691,1
169.783,20,3149,9016,68508,2271,8714,1
169.834,20,3150,8716,67846,2269,8727,1
169.907,20,3151,8428,67914,2267,8728,1
169.980,20,3152,8148,67983,2264,8720,1
170.053,20,3153,7878,68046,2260,8704,1
170.126,20,3154,7618,68108,2258,8680,1
170.199,20,3155,7366,68161,2258,8648,1
170.271,20,3156,7122,68214,2255,8611,1
170.344,20,3157,6886,68268,2255,8566,1
170.417,20,3158,7101,68327,2250,8516,1
170.490,20,3159,7322,68383,2248,8475,1
170.564,20,3160,7551,68436,2252,8442,1
170.637,20,3161,7786,68486,2251,8416,1
170.710,20,3162,8029,68541,2252,8398,1
170.783,20,3163,8280,68588,2249,8388,1
170.835,20,3164,8539,67987,2258,8387,1
170.908,20,3165,8806,68044,2255,8393,1
170.981,20,3166,9081,68104,2253,8407,1
171.054,20,3167,9364,68166,2254,8431,1
171.127,20,3168,9657,68223,2254,8462,1
171.200,20,3169,9958,68285,2253,8502,1
171.273,20,3170,9628,68339,2257,8550,1
171.346,20,3171,9308,68392,2257,8585,1
171.419,20,3172,9000,68445,2254,8611,1
171.493,20,3173,8700,68497,2255,8626,1
171.565,20,3174,8410,68545,2251,8631,1
171.638,20,3175,8130,68593,2253,8627,1
171.711,20,3176,7860,68632,2249,8615,1
171.785,20,3177,7598,68685,2253,8593,1
171.834,20,3178,7346,67982,2252,8565,1
171.907,20,3179,7102,68044,2250,8529,1
171.980,20,3180,7323,68106,2250,8487,1
172.053,20,3181,7552,68167,2249,8454,1
172.126,20,3182,7789,68223,2245,8429,1
172.199,20,3183,8032,68285,2246,8412,1
172.272,20,3184,8283,68341,2244,8402,1
172.345,20,3185,8542,68397,2241,8400,1
172.418,20,3186,8809,68451,2239,8407,1
172.491,20,3187,9084,68502,2241,8422,1
172.564,20,3188,9367,68551,2240,8445,1
172.637,20,3189,9660,68603,2242,8476,1
172.710,20,3190,9961,68647,2242,8516,1
172.783,20,3191,10272,68693,2242,8563,1
172.835,20,3192,9930,68055,2249,8618,1
172.908,20,3193,9600,68110,2249,8661,1
172.980,20,3194,9282,68164,2246,8694,1
173.054,20,3195,8974,68228,2244,8716,1
173.130,20,3196,8676,68290,2333,8727,1
173.201,20,3197,8388,68253,2339,8728,1
173.274,20,3198,8110,68289,2342,8719,1
173.346,20,3199,7840,68326,2346,8702,1
173.419,20,3200,7580,68365,2349,8678,1
173.492,20,3201,7328,68404,2352,8645,1
173.565,20,3202,7084,68233,2357,8605,1
173.638,20,3203,6848,68274,2364,8558,1
173.710,20,3204,7063,68313,2367,8506,1
173.783,20,3205,6829,68351,2379,10008,1
173.834,20,3206,6601,67706,2382,9911,1
173.907,20,3207,6383,67772,2388,9809,1
173.980,20,3208,6171,67826,2391,9704,1
174.053,20,3209,5967,67880,2393,9596,1
174.125,20,3210,5769,67932,2395,9485,1
174.198,20,3211,5579,67982,2397,9371,1
174.271,20,3212,5395,68034,2398,9254,1
174.343,20,3213,5217,68082,2401,9135,1
174.416,20,3214,5043,68131,2403,9013,1
174.489,20,3215,4875,68181,2403,8891,1
174.562,20,3216,4713,68226,2402,8766,1
174.635,20,3217,4557,68270,2402,8641,1
174.707,20,3218,4700,68311,2402,8514,1
174.780,20,3219,4847,68351,2406,8397,1
174.837,20,3220,4998,67901,2420,8286,1
174.910,20,3221,5155,67953,2421,8185,1
174.983,20,3222,5316,68003,2425,8092,1
175.056,20,3223,5483,68052,2430,8008,1
175.128,20,3224,5654,68099,2429,7930,1
175.201,20,3225,5831,68146,2427,7860,1
175.274,20,3226,6014,68190,2428,7798,1
175.347,20,3227,6201,68236,2428,7743,1
175.420,20,3228,5995,68286,2428,9053,1
175.492,20,3229,5795,68325,2427,8959,1
175.565,20,3230,5603,68363,2426,8862,1
175.638,20,3231,5417,68401,2427,8762,1
175.710,20,3232,5237,68434,2427,8658,1
175.783,20,3233,5400,68470,2429,8552,1
175.834,20,3234,5569,67824,2431,8455,1
175.907,20,3235,5744,67877,2440,8367,1
175.980,20,3236,5923,67926,2444,8287,1
176.052,20,3237,6108,67973,2445,8216,1
176.125,20,3238,6299,68022,2444,8152,1
176.198,20,3239,6496,68072,2444,8095,1
176.271,20,3240,6699,68119,2443,8047,1
176.343,20,3241,6908,68165,2442,8006,1
176.416,20,3242,7123,68211,2441,7973,1
176.489,20,3243,7346,68256,2440,7949,1
176.561,20,3244,7575,68297,2441,7933,1
176.634,20,3245,7812,68336,2444,7924,1
176.707,20,3246,8057,68375,2443,7921,1
176.780,20,3247,8308,68418,2441,7926,1
176.834,20,3248,8567,67882,2448,7939,1
176.907,20,3249,8834,67934,2448,7960,1
176.980,20,3250,9111,67987,2451,7989,1
177.053,20,3251,9396,68041,2451,8025,1
177.126,20,3252,9689,68087,2453,8069,1
177.198,20,3253,9992,68132,2454,8122,1
177.271,20,3254,10305,68177,2452,8183,1
177.344,20,3255,10628,68222,2452,8252,1
177.416,20,3256,10961,68267,2450,8328,1
177.489,20,3257,11304,68308,2451,8411,1
177.562,20,3258,11657,68348,2454,8503,1
177.635,20,3259,11271,68386,2452,8604,1
177.707,20,3260,10897,68423,2449,8689,1
177.780,20,3261,10535,68465,2449,8760,1
177.834,20,3262,10185,67906,2453,8818,1
177.907,20,3263,9847,67957,2453,8862,1
177.980,20,3264,9519,68007,2465,8894,1
178.053,20,3265,9203,68048,2470,8916,1
178.125,20,3266,8897,68091,2469,8926,1
178.198,20,3267,8603,68136,2467,8926,1
178.271,20,3268,8317,68186,2466,8917,1
178.343,20,3269,8039,68228,2466,8899,1
178.416,20,3270,7771,68269,2468,8875,1
178.489,20,3271,7513,68309,2468,8842,1
178.562,20,3272,7263,68350,2469,8802,1
178.635,20,3273,7021,68390,2468,8755,1
178.707,20,3274,6787,68426,2467,8702,1
178.780,20,3275,6563,68465,2465,8645,1
178.835,20,3276,6345,67938,2475,8581,1
178.908,20,3277,6135,67988,2474,8514,1
178.980,20,3278,6326,68039,2473,8440,1
179.053,20,3279,6523,68085,2480,8375,1
179.126,20,3280,6726,68130,2481,8319,1
179.199,20,3281,6937,68173,2481,8270,1
179.271,20,3282,7154,68215,2478,8230,1
179.344,20,3283,6916,68257,2480,9762,1
179.417,20,3284,6688,68300,2479,9674,1
179.490,20,3285,6466,68340,2479,9582,1
179.562,20,3286,6252,68378,2476,9486,1
179.635,20,3287,6044,68416,2473,9385,1
179.708,20,3288,5844,68455,2471,9283,1
179.781,20,3289,5650,68489,2469,9177,1
179.834,20,3290,5462,67919,2470,10304,1
179.907,20,3291,5280,67968,2468,10155,1
179.979,20,3292,5104,68018,2469,10004,1
180.052,20,3293,4934,68068,2470,9852,1
180.125,20,3294,4770,68116,2479,9699,1
180.198,20,3295,4612,68162,2481,9546,1
180.271,20,3296,4460,68198,2484,9394,1
180.344,20,3297,4312,68244,2482,9240,1
180.416,20,3298,4170,68286,2480,9087,1
180.489,20,3299,4032,68329,2477,8935,1
180.562,20,3300,3900,68369,2474,8784,1
180.634,20,3301,3770,68408,2474,8633,1
180.707,20,3302,3887,68445,2475,8484,1
180.780,20,3303,4008,68480,2476,8342,1
180.835,20,3304,4133,67946,2487,8208,1
180.908,20,3305,4262,67994,2487,8083,1
180.980,20,3306,4395,68046,2485,7965,1
181.053,20,3307,4532,68007,2483,7855,1
181.126,20,3308,4673,68057,2489,7753,1
181.199,20,3309,4820,68108,2492,7658,1
181.272,20,3310,4971,68151,2490,7571,1
181.345,20,3311,5126,68196,2486,7492,1
181.417,20,3312,5287,68245,2485,7419,1
181.490,20,3313,5452,68287,2487,7354,1
181.563,20,3314,5623,68325,2484,7297,1
181.636,20,3315,5798,68369,2482,7246,1
181.708,20,3316,5979,68407,2480,7202,1
181.781,20,3317,6166,68445,2478,7166,1
181.834,20,3318,6359,67863,2478,7136,1
181.907,20,3319,6558,67918,2476,7114,1
181.980,20,3320,6763,67970,2474,7099,1
182.052,20,3321,6974,68020,2476,7090,1
182.125,20,3322,7191,68071,2474,7088,1
182.198,20,3323,7416,68117,2480,7092,1
182.271,20,3324,7647,68163,2484,7103,1
182.344,20,3325,7886,68209,2483,7122,1
182.416,20,3326,8133,68251,2481,7148,1
182.489,20,3327,8388,68293,2479,7181,1
182.562,20,3328,8651,68333,2476,7221,1
182.634,20,3329,8922,68373,2477,7268,1
182.707,20,3330,9201,68412,2476,7322,1
182.780,20,3331,9488,68450,2475,7383,1
182.835,20,3332,9785,67931,2484,7451,1
182.908,20,3333,10090,67986,2482,7524,1
182.981,20,3334,10405,68035,2480,7607,1
183.053,20,3335,10730,68085,2478,7696,1
183.126,20,3336,11065,68132,2475,7792,1
183.199,20,3337,11410,68176,2473,7896,1
183.272,20,3338,11767,68225,2473,8007,1
183.345,20,3339,12134,68274,2472,8125,1
183.417,20,3340,12513,68313,2473,8252,1
183.490,20,3341,12904,68356,2474,8386,1
183.563,20,3342,13307,68393,2476,8529,1
183.636,20,3343,12865,68429,2476,8680,1
183.708,20,3344,12439,68462,2478,8813,1
183.781,20,3345,12027,68497,2477,8928,1
183.834,20,3346,11627,67914,2478,9025,1
183.907,20,3347,11241,67964,2476,9107,1
183.980,20,3348,10867,68016,2475,9175,1
184.052,20,3349,10505,68063,2473,9230,1
184.125,20,3350,10157,68113,2471,9272,1
184.198,20,3351,9819,68158,2468,9302,1
184.271,20,3352,9493,68207,2474,9320,1
184.344,20,3353,9179,68254,2476,9328,1
184.416,20,3354,8875,68293,2475,9324,1
184.489,20,3355,8579,68334,2478,9311,1
184.562,20,3356,8295,68371,2480,9290,1
184.635,20,3357,8019,68408,2479,9261,1
184.707,20,3358,7753,68446,2478,9224,1
184.780,20,3359,7497,68481,2477,9179,1
184.834,20,3360,7249,67937,2481,9128,1
184.907,20,3361,7009,67989,2480,9070,1
184.980,20,3362,6777,68042,2478,9008,1
185.053,20,3363,6551,68091,2478,8939,1
185.125,20,3364,6333,68135,2476,8866,1
185.198,20,3365,6121,68180,2473,8789,1
185.271,20,3366,5917,68226,2472,8708,1
185.344,20,3367,5721,68268,2478,8621,1
185.416,20,3368,5900,68308,2479,8532,1
185.489,20,3369,6085,68349,2478,8451,1
185.562,20,3370,6276,68387,2476,8379,1
185.635,20,3371,6473,68425,2475,8316,1
185.707,20,3372,6676,68462,2476,8260,1
185.780,20,3373,6885,68496,2474,8213,1
185.834,20,3374,7100,67948,2476,8173,1
185.907,20,3375,7321,67997,2478,8141,1
185.980,20,3376,7550,68047,2477,8117,1
186.052,20,3377,7785,68095,2474,8100,1
186.125,20,3378,8028,68144,2471,8091,1
186.198,20,3379,8279,68189,2472,8090,1
186.271,20,3380,8538,68237,2468,8099,1
186.343,20,3381,8805,68281,2468,8114,1
186.416,20,3382,9080,68327,2467,8138,1
186.489,20,3383,9363,68376,2469,8169,1
186.562,20,3384,9656,68416,2468,8207,1
186.635,20,3385,9957,68455,2467,8255,1
186.708,20,3386,10268,68491,2466,8310,1
186.780,20,3387,10589,68525,2466,8372,1
186.835,20,3388,10920,67983,2471,8443,1
186.908,20,3389,10558,68031,2472,8523,1
186.980,20,3390,10206,68079,2469,8589,1
187.053,20,3391,9868,68128,2471,8640,1
187.126,20,3392,9540,68174,2468,8679,1
187.199,20,3393,9224,68221,2466,8707,1
187.271,20,3394,8918,68265,2466,8725,1
187.344,20,3395,8622,68306,2465,8732,1
187.417,20,3396,8336,68347,2472,8731,1
187.490,20,3397,8060,68385,2473,8720,1
187.562,20,3398,7792,68423,2472,8701,1
187.635,20,3399,7532,68463,2470,8675,1
187.708,20,3400,7282,68498,2469,8640,1
187.781,20,3401,7040,68530,2471,8599,1
187.834,20,3402,6808,67956,2472,8552,1
187.907,20,3403,7021,68005,2470,8500,1
187.979,20,3404,7240,68054,2468,8455,1
188.052,20,3405,7467,68106,2467,8418,1
188.125,20,3406,7700,68154,2468,8390,1
188.198,20,3407,7941,68201,2468,8369,1
188.270,20,3408,8190,68244,2466,8357,1
188.343,20,3409,8445,68289,2465,8354,1
188.416,20,3410,8708,68334,2465,8359,1
188.489,20,3411,8981,68292,2473,8371,1
188.562,20,3412,9262,68332,2478,8391,1
188.635,20,3413,9551,68374,2476,8419,1
188.708,20,3414,9850,68412,2474,8456,1
188.781,20,3415,10157,68450,2476,8500,1
188.835,20,3416,9819,67901,2481,8554,1
188.907,20,3417,9493,67952,2481,8595,1
188.980,20,3418,9179,68002,2479,8626,1
189.053,20,3419,8875,68054,2478,8644,1
189.126,20,3420,8579,68102,2476,8652,1
189.198,20,3421,8295,68150,2473,8652,1
189.271,20,3422,8019,68196,2471,8643,1
189.344,20,3423,7753,68240,2470,8624,1
189.417,20,3424,7497,68282,2469,8599,1
189.489,20,3425,7249,68322,2468,8565,1
189.562,20,3426,7476,68362,2469,8526,1
189.635,20,3427,7709,68406,2469,8495,1
189.708,20,3428,7950,68442,2467,8472,1
189.780,20,3429,8199,68477,2466,8457,1
189.834,20,3430,8456,67918,2468,8451,1
189.907,20,3431,8721,67968,2466,8452,1
189.980,20,3432,8994,68022,2465,8461,1
190.052,20,3433,9275,68070,2462,8479,1
190.125,20,3434,9564,68118,2460,8505,1
190.198,20,3435,9246,68170,2469,8539,1
190.271,20,3436,8940,68203,2469,8563,1
190.343,20,3437,8642,68244,2469,8576,1
190.416,20,3438,8356,68285,2468,8581,1
190.489,20,3439,8078,68327,2468,8577,1
190.562,20,3440,7810,68365,2472,8563,1
190.635,20,3441,8055,68406,2480,8542,1
190.707,20,3442,8306,68441,2481,8529,1
190.780,20,3443,8565,68478,2479,8524,1
190.835,20,3444,8279,67951,2479,8527,1
190.908,20,3445,8005,68007,2477,8520,1
190.981,20,3446,8256,68059,2478,8506,1
191.053,20,3447,8515,68107,2476,8500,1
191.126,20,3448,8782,68153,2475,8501,1
191.199,20,3449,9057,68197,2476,8512,1
191.272,20,3450,8757,68239,2473,8530,1
191.344,20,3451,8465,68281,2473,8540,1
191.417,20,3452,8730,68324,2472,8539,1
191.490,20,3453,8440,68362,2473,8546,1
191.562,20,3454,8703,68398,2471,8545,1
191.636,20,3455,8974,68436,2481,8552,1
191.708,20,3456,8676,68473,2481,8567,1
191.781,20,3457,8388,68505,2481,8573,1
191.834,20,3458,8110,67920,2482,8568,1
191.907,20,3459,7840,67974,2481,8556,1
191.979,20,3460,7580,68023,2480,8536,1
192.052,20,3461,7817,68072,2478,8508,1
192.125,20,3462,8062,68119,2479,8487,1
192.198,20,3463,8313,68162,2475,8476,1
192.271,20,3464,8572,68210,2477,8473,1
192.343,20,3465,8839,68252,2476,8478,1
192.416,20,3466,9116,68296,2475,8491,1
192.489,20,3467,9401,68335,2474,8512,1
192.561,20,3468,9694,68373,2474,8541,1
192.634,20,3469,9372,68410,2476,8579,1
192.707,20,3470,9060,68449,2477,8606,1
192.780,20,3471,8760,68488,2479,8621,1
192.835,20,3472,8468,67953,2482,8627,1
192.907,20,3473,8188,68004,2481,8623,1
192.980,20,3474,7916,68057,2480,8610,1
193.053,20,3475,7652,68107,2478,8590,1
193.126,20,3476,7398,68158,2477,8564,1
193.198,20,3477,7152,68200,2476,8529,1
193.271,20,3478,7375,68247,2473,8488,1
193.344,20,3479,7606,68288,2471,8454,1
193.417,20,3480,7843,68328,2470,8429,1
193.490,20,3481,8088,68370,2471,8412,1
193.562,20,3482,8341,68409,2468,8404,1
193.635,20,3483,8602,68452,2465,8404,1
193.708,20,3484,8871,68492,2476,8412,1
193.781,20,3485,9148,68520,2478,8428,1
193.834,20,3486,9433,67929,2479,8452,1
193.907,20,3487,9728,67981,2477,8485,1
193.980,20,3488,9406,68031,2478,8526,1
194.052,20,3489,9092,68077,2476,8555,1
194.125,20,3490,8790,68125,2478,8574,1
194.198,20,3491,8498,68170,2475,8583,1
194.271,20,3492,8216,68218,2474,8581,1
194.343,20,3493,7944,68259,2475,8570,1
194.416,20,3494,7680,68301,2476,8552,1
194.489,20,3495,7921,68340,2475,8526,1
194.562,20,3496,8168,68379,2476,8508,1
194.634,20,3497,8423,68419,2474,8498,1
194.707,20,3498,8686,68453,2473,8498,1
194.780,20,3499,8957,68488,2479,8506,1
194.835,20,3500,8659,67965,2486,8521,1
194.908,20,3501,8371,68016,2485,8527,1
194.981,20,3502,8093,68064,2483,8524,1
195.053,20,3503,8346,68111,2481,8511,1
195.126,20,3504,8607,68162,2479,8507,1
195.199,20,3505,8876,68206,2476,8513,1
195.272,20,3506,9153,68249,2474,8526,1
195.344,20,3507,8849,68290,2473,8547,1
195.417,20,3508,8555,68331,2474,8557,1
195.490,20,3509,8271,68371,2473,8558,1
195.563,20,3510,8530,68411,2472,8550,1
195.635,20,3511,8797,68446,2470,8550,1
195.708,20,3512,9072,68485,2469,8559,1
195.781,20,3513,8770,68519,2468,8576,1
195.834,20,3514,8480,67945,2470,8584,1
195.907,20,3515,8198,68003,2469,8583,1
195.980,20,3516,7926,67962,2470,8573,1
196.053,20,3517,7662,68007,2471,8555,1
196.125,20,3518,7408,68055,2471,8528,1
196.198,20,3519,7639,68106,2470,8495,1
196.271,20,3520,7878,68153,2468,8470,1
196.344,20,3521,8125,68196,2466,8453,1
196.416,20,3522,8378,68240,2465,8443,1
196.489,20,3523,8639,68282,2468,8442,1
196.562,20,3524,8908,68322,2468,8449,1
196.635,20,3525,9187,68360,2466,8466,1
196.707,20,3526,9474,68397,2465,8490,1
196.780,20,3527,9771,68433,2464,8522,1
196.835,20,3528,9447,67896,2474,8562,1
196.908,20,3529,9133,67947,2475,8592,1
196.981,20,3530,8829,68005,2479,8610,1
197.053,20,3531,8535,68049,2479,8619,1
197.126,20,3532,8251,68098,2477,8618,1
197.199,20,3533,7977,68146,2475,8607,1
197.271,20,3534,7711,68191,2473,8590,1
197.344,20,3535,7455,68236,2472,8563,1
197.417,20,3536,7688,68281,2471,8529,1
197.490,20,3537,7929,68323,2469,8505,1
197.562,20,3538,8176,68364,2466,8488,1
197.635,20,3539,8431,68407,2463,8481,1
197.708,20,3540,8694,68446,2464,8482,1
197.781,20,3541,8965,68483,2463,8491,1
197.834,20,3542,8669,67909,2466,8506,1
197.907,20,3543,8381,67961,2471,8513,1
197.980,20,3544,8101,68017,2472,8509,1
198.053,20,3545,8354,68065,2471,8497,1
198.126,20,3546,8615,68129,2472,8496,1
198.199,20,3547,8884,68181,2471,8502,1
198.272,20,3548,9161,68228,2471,8516,1
198.345,20,3549,8857,68275,2469,8538,1
198.418,20,3550,8563,68319,2467,8550,1
198.490,20,3551,8279,68361,2467,8552,1
198.563,20,3552,8538,68400,2465,8545,1
198.636,20,3553,8805,68436,2463,8547,1
198.708,20,3554,9080,68473,2460,8558,1
198.781,20,3555,8778,68509,2459,8577,1
198.834,20,3556,8488,67925,2466,8584,1
198.907,20,3557,8206,67977,2464,8582,1
198.980,20,3558,7934,68026,2470,8571,1
199.053,20,3559,7670,68076,2471,8554,1
199.125,20,3560,7414,68119,2468,8527,1
199.198,20,3561,7645,68166,2467,8493,1
199.271,20,3562,7884,68213,2466,8467,1
199.344,20,3563,8131,68255,2463,8451,1
199.416,20,3564,8386,68296,2462,8443,1
199.489,20,3565,8649,68335,2461,8443,1
199.562,20,3566,8920,68374,2460,8451,1
199.634,20,3567,9199,68413,2458,8467,1
199.707,20,3568,9486,68451,2457,8492,1
199.780,20,3569,9783,68485,2456,8526,1
199.835,20,3570,9457,67975,2457,8568,1
199.908,20,3571,9143,68026,2457,8597,1
199.981,20,3572,8839,68073,2457,8615,1
200.053,20,3573,8547,68125,2456,8623,1
200.126,20,3574,8263,68176,2457,8622,1
200.199,20,3575,7989,68218,2456,8612,1
200.272,20,3576,7723,68263,2456,8593,1
200.345,20,3577,7467,68305,2454,8567,1
200.417,20,3578,7700,68346,2456,8534,1
200.490,20,3579,7941,68386,2454,8510,1
200.563,20,3580,8190,68423,2451,8493,1
200.636,20,3581,8445,68460,2452,8486,1
200.708,20,3582,8708,68496,2451,8485,1
200.781,20,3583,8981,68532,2452,8495,1
200.834,20,3584,8683,67953,2454,8512,1
200.907,20,3585,8395,68005,2453,8519,1
200.980,20,3586,8117,68055,2455,8518,1
201.053,20,3587,8370,68103,2466,8506,1
201.126,20,3588,8631,68148,2467,8504,1
201.198,20,3589,8900,68189,2465,8510,1
201.271,20,3590,9179,68231,2462,8523,1
201.344,20,3591,8875,68273,2462,8546,1
201.417,20,3592,8579,68313,2460,8559,1
201.489,20,3593,8295,68353,2459,8560,1
201.562,20,3594,8019,68390,2457,8554,1
201.635,20,3595,8270,68428,2456,8539,1
201.707,20,3596,8529,68464,2457,8533,1
201.780,20,3597,8796,68498,2456,8535,1
201.834,20,3598,8504,67943,2457,8545,1
201.907,20,3599,8220,67996,2455,8546,1
201.980,20,3600,7948,68049,2454,8537,1
202.052,20,3601,7684,68095,2452,8520,1
202.125,20,3602,7925,68140,2458,8495,1
202.198,20,3603,8172,68183,2455,8478,1
202.270,20,3604,8427,68228,2454,8471,1
202.343,20,3605,8690,68271,2454,8471,1
202.416,20,3606,8961,68314,2455,8480,1
202.489,20,3607,9242,68353,2453,8497,1
202.562,20,3608,9531,68393,2454,8522,1
202.634,20,3609,9828,68436,2453,8554,1
202.707,20,3610,9502,68472,2453,8595,1
202.780,20,3611,9186,68506,2454,8624,1
202.834,20,3612,8880,67955,2460,8643,1
202.907,20,3613,8584,68009,2460,8652,1
202.980,20,3614,8300,68060,2457,8650,1
203.053,20,3615,8024,68109,2458,8641,1
203.125,20,3616,7758,68153,2460,8624,1
203.198,20,3617,7500,68198,2459,8598,1
203.271,20,3618,7252,68249,2461,8564,1
203.344,20,3619,7479,68288,2459,8525,1
203.416,20,3620,7712,68329,2460,8494,1
203.489,20,3621,7953,68367,2460,8470,1
203.562,20,3622,8202,68277,2461,8455,1
203.635,20,3623,8459,68313,2458,8448,1
203.707,20,3624,8724,68355,2458,8450,1
203.780,20,3625,8997,68395,2458,8460,1
203.835,20,3626,9278,67864,2464,8478,1
203.908,20,3627,8970,67919,2463,8503,1
203.980,20,3628,8672,67970,2461,8519,1
204.053,20,3629,8384,68021,2459,8525,1
204.126,20,3630,8106,68070,2460,8523,1
204.199,20,3631,8359,68117,2467,8511,1
204.272,20,3632,8620,68164,2468,8508,1
204.344,20,3633,8889,68203,2466,8513,1
204.417,20,3634,9166,68248,2465,8526,1
204.490,20,3635,8862,68289,2464,8547,1
204.562,20,3636,8568,68331,2461,8557,1
204.635,20,3637,8282,68370,2462,8559,1
204.708,20,3638,8008,68407,2464,8553,1
204.781,20,3639,8259,68442,2462,8538,1
204.835,20,3640,7985,67883,2468,8530,1
204.907,20,3641,7719,67939,2466,8514,1
204.980,20,3642,7960,67991,2465,8491,1
205.053,20,3643,8209,68040,2462,8476,1
205.125,20,3644,8466,68088,2460,8468,1
205.198,20,3645,8731,68137,2458,8468,1
205.271,20,3646,9004,68186,2462,8478,1
205.344,20,3647,9285,68232,2462,8496,1
205.417,20,3648,9576,68273,2459,8522,1
205.489,20,3649,9258,68314,2456,8557,1
205.562,20,3650,8950,68358,2455,8581,1
205.635,20,3651,8652,68395,2456,8594,1
205.708,20,3652,8366,68434,2454,8598,1
205.780,20,3653,8088,68472,2453,8592,1
205.834,20,3654,7820,67910,2453,8577,1
205.907,20,3655,7560,67966,2453,8555,1
205.979,20,3656,7310,68015,2452,8525,1
206.052,20,3657,7539,68064,2450,8489,1
206.125,20,3658,7774,68111,2451,8462,1
206.198,20,3659,8017,68158,2450,8442,1
206.271,20,3660,8268,68223,2459,8430,1
206.345,20,3661,8527,68269,2465,8428,1
206.417,20,3662,8794,68308,2466,8432,1
206.490,20,3663,9069,68346,2465,8445,1
206.563,20,3664,9352,68382,2463,8467,1
206.635,20,3665,9645,68418,2462,8496,1
206.708,20,3666,9946,68453,2461,8533,1
206.781,20,3667,9616,68488,2462,8579,1
206.835,20,3668,9298,67919,2469,8613,1
206.907,20,3669,8990,67969,2468,8635,1
206.980,20,3670,8692,68022,2466,8649,1
207.053,20,3671,8402,68074,2467,8652,1
207.126,20,3672,8124,68119,2467,8645,1
207.199,20,3673,7854,68172,2465,8631,1
207.271,20,3674,7592,68216,2466,8609,1
207.344,20,3675,7340,68258,2473,8580,1
207.417,20,3676,7096,68301,2473,8543,1
207.490,20,3677,7317,68340,2474,8501,1
207.562,20,3678,7546,68377,2470,8466,1
207.635,20,3679,7781,68416,2472,8438,1
207.708,20,3680,8024,68453,2472,8420,1
207.781,20,3681,8275,68493,2469,8410,1
207.835,20,3682,8534,67948,2471,8407,1
207.908,20,3683,8801,67999,2471,8414,1
207.980,20,3684,9076,68047,2468,8428,1
208.053,20,3685,9359,68094,2468,8449,1
208.126,20,3686,9652,68139,2465,8478,1
208.199,20,3687,9953,68183,2463,8515,1
208.271,20,3688,9623,68231,2463,8562,1
208.344,20,3689,9303,68274,2460,8597,1
208.417,20,3690,8995,68315,2468,8621,1
208.490,20,3691,8697,68354,2473,8635,1
208.563,20,3692,8407,68390,2473,8639,1
208.636,20,3693,8129,68431,2476,8635,1
208.708,20,3694,7859,68466,2474,8620,1
208.781,20,3695,7597,68501,2471,8597,1
208.835,20,3696,7345,67926,2478,8567,1
208.907,20,3697,7101,67978,2476,8531,1
208.980,20,3698,7322,68031,2475,8488,1
209.053,20,3699,7551,68080,2477,8454,1
209.126,20,3700,7786,68126,2477,8427,1
209.198,20,3701,8029,68170,2478,8410,1
209.271,20,3702,8280,68215,2477,8400,1
209.344,20,3703,8539,68259,2476,8398,1
209.417,20,3704,8806,68300,2474,8404,1
209.489,20,3705,9081,68339,2477,8418,1
209.562,20,3706,9364,68385,2477,8441,1
209.635,20,3707,9657,68426,2476,8471,1
209.708,20,3708,9958,68462,2477,8510,1
209.781,20,3709,10269,68496,2480,8557,1
209.834,20,3710,9929,67922,2485,8613,1
209.907,20,3711,9599,67974,2481,8657,1
209.980,20,3712,9279,68025,2478,8688,1
210.052,20,3713,8969,68074,2479,8707,1
210.125,20,3714,8671,68119,2481,8716,1
210.198,20,3715,8383,68164,2479,8716,1
210.271,20,3716,8103,68207,2478,8707,1
210.343,20,3717,7833,68247,2479,8690,1
210.416,20,3718,7573,68288,2477,8664,1
210.489,20,3719,7321,68330,2484,8631,1
210.562,20,3720,7079,68370,2484,8591,1
210.634,20,3721,7300,68405,2484,8545,1
210.707,20,3722,7529,68441,2483,8508,1
210.780,20,3723,7764,68477,2481,8479,1
210.834,20,3724,8007,67940,2485,8458,1
210.907,20,3725,8258,67996,2483,8445,1
210.980,20,3726,8517,68043,2480,8441,1
211.053,20,3727,8784,67983,2481,8445,1
211.126,20,3728,9059,68029,2481,8457,1
211.198,20,3729,9342,68079,2479,8477,1
211.271,20,3730,9633,68126,2476,8505,1
211.344,20,3731,9313,68171,2473,8542,1
211.417,20,3732,9003,68218,2471,8568,1
211.489,20,3733,8703,68264,2472,8584,1
211.562,20,3734,8413,68308,2477,8588,1
211.635,20,3735,8133,68352,2483,8584,1
211.708,20,3736,7863,68388,2479,8572,1
211.781,20,3737,8108,68426,2478,8552,1
211.835,20,3738,7838,67875,2478,8540,1
211.907,20,3739,7578,67930,2476,8519,1
211.980,20,3740,7815,67981,2473,8490,1
212.053,20,3741,8060,68031,2470,8471,1
212.126,20,3742,8311,68084,2467,8461,1
212.199,20,3743,8570,68133,2467,8457,1
212.271,20,3744,8837,68179,2465,8462,1
212.344,20,3745,9114,68222,2462,8476,1
212.417,20,3746,9399,68264,2460,8497,1
212.489,20,3747,9692,68303,2458,8526,1
212.562,20,3748,9370,68345,2460,8565,1
212.635,20,3749,9060,68385,2459,8592,1
212.708,20,3750,8760,68428,2459,8608,1
212.781,20,3751,8468,68461,2458,8614,1
212.835,20,3752,8188,67904,2466,8610,1
212.907,20,3753,7916,67958,2464,8599,1
212.980,20,3754,7652,68009,2463,8580,1
213.053,20,3755,7398,68057,2461,8552,1
213.126,20,3756,7152,68103,2462,8517,1
213.198,20,3757,7375,68151,2460,8475,1
213.271,20,3758,7606,68196,2459,8441,1
213.344,20,3759,7843,68237,2460,8417,1
213.416,20,3760,8088,68279,2457,8401,1
213.489,20,3761,8341,68320,2458,8392,1
213.562,20,3762,8602,68359,2460,8392,1
213.635,20,3763,8871,68398,2464,8399,1
213.708,20,3764,9148,68437,2462,8416,1
213.781,20,3765,9433,68474,2461,8441,1
213.835,20,3766,9728,67922,2463,8473,1
213.907,20,3767,9406,67974,2461,8515,1
213.980,20,3768,9092,68030,2460,8545,1
214.053,20,3769,8790,68077,2458,8563,1
214.127,20,3770,8498,68137,2474,8571,1
214.199,20,3771,8216,68172,2473,8570,1
214.272,20,3772,7944,68219,2473,8562,1
214.345,20,3773,7680,68261,2477,8545,1
214.417,20,3774,7921,68300,2476,8520,1
214.491,20,3775,8168,68347,2507,8506,1
214.564,20,3776,8423,68365,2508,8497,1
214.637,20,3777,8686,68415,2499,8498,1
214.710,20,3778,8957,68467,2491,8506,1
214.784,20,3779,9236,68525,2492,8522,1
214.835,20,3780,8930,67862,2496,8547,1
214.907,20,3781,8634,67919,2489,8560,1
214.980,20,3782,8346,67982,2483,8564,1
215.053,20,3783,8070,68044,2476,8560,1
215.126,20,3784,7802,68105,2468,8547,1
215.199,20,3785,7542,68165,2463,8525,1
215.272,20,3786,7777,68221,2453,8498,1
215.345,20,3787,8020,68289,2446,8478,1
215.418,20,3788,8271,68341,2440,8467,1
215.491,20,3789,8530,68394,2433,8464,1
215.564,20,3790,8797,68446,2424,8468,1
215.637,20,3791,9072,68494,2423,8481,1
215.710,20,3792,9355,68539,2418,8503,1
215.783,20,3793,9648,68580,2411,8532,1
215.835,20,3794,9328,67980,2411,8569,1
215.908,20,3795,9018,68041,2407,8594,1
215.981,20,3796,8718,68102,2400,8609,1
216.054,20,3797,8430,68157,2393,8616,1
216.127,20,3798,8150,68217,2390,8613,1
216.200,20,3799,7880,68272,2383,8601,1
216.273,20,3800,7620,68327,2378,8581,1
216.346,20,3801,7368,68380,2375,8554,1
216.419,20,3802,7599,68437,2372,8520,1
216.492,20,3803,7836,68489,2364,8494,1
216.565,20,3804,8081,68535,2359,8475,1
216.638,20,3805,8334,68586,2356,8464,1
216.711,20,3806,8595,68630,2356,8462,1
216.784,20,3807,8864,68669,2350,8469,1
216.834,20,3808,9141,67996,2353,8485,1
216.908,20,3809,8837,68067,2346,8509,1
216.981,20,3810,8545,68134,2342,8522,1
217.054,20,3811,8261,68196,2337,8525,1
217.127,20,3812,8520,68254,2333,8520,1
217.202,20,3813,8787,68308,2397,8523,1
217.273,20,3814,9062,68291,2400,8532,1
217.346,20,3815,8760,68329,2405,8550,1
217.419,20,3816,8468,68367,2411,8558,1
217.492,20,3817,8188,68401,2412,8557,1
217.564,20,3818,8443,68438,2413,8548,1
217.637,20,3819,8706,68475,2418,8547,1
217.710,20,3820,8979,68515,2420,8554,1
217.783,20,3821,8681,68547,2425,8569,1
217.834,20,3822,8393,67902,2439,8573,1
217.907,20,3823,8115,67956,2442,8568,1
217.980,20,3824,7845,68002,2446,8555,1
218.053,20,3825,7585,68051,2448,8534,1
218.125,20,3826,7822,68097,2450,8505,1
218.198,20,3827,8067,68143,2451,8486,1
218.271,20,3828,8320,68187,2451,8476,1
218.344,20,3829,8581,68231,2449,8473,1
218.416,20,3830,8850,68272,2449,8478,1
218.489,20,3831,9127,68313,2448,8491,1
218.562,20,3832,9412,68230,2450,8513,1
218.635,20,3833,9100,68271,2451,8542,1
218.707,20,3834,8798,68311,2450,8560,1
218.780,20,3835,8506,68350,2449,8568,1
218.835,20,3836,8222,67811,2456,8567,1
218.907,20,3837,7950,67861,2465,8557,1
218.980,20,3838,7686,67917,2465,8540,1
219.053,20,3839,7432,67966,2463,8514,1
219.125,20,3840,7665,68017,2460,8481,1
219.198,20,3841,7904,68066,2461,8456,1
219.271,20,3842,8151,68118,2462,8440,1
219.344,20,3843,8406,68163,2462,8432,1
219.417,20,3844,8669,68210,2460,8434,1
219.489,20,3845,8940,68253,2457,8443,1
219.562,20,3846,9219,68294,2455,8459,1
219.635,20,3847,9508,68335,2456,8484,1
219.708,20,3848,9805,68374,2454,8517,1
219.780,20,3849,9479,68412,2452,8560,1
219.835,20,3850,9165,67879,2454,8591,1
219.908,20,3851,8861,67936,2459,8610,1
219.980,20,3852,8567,67983,2458,8620,1
220.053,20,3853,8281,68039,2458,8621,1
220.126,20,3854,8007,68090,2455,8613,1
220.199,20,3855,7741,68136,2452,8596,1
220.272,20,3856,7483,68183,2450,8570,1
220.344,20,3857,7233,68229,2451,8538,1
220.417,20,3858,7460,68271,2450,8499,1
220.490,20,3859,7693,68313,2450,8467,1
220.562,20,3860,7934,68349,2450,8444,1
220.635,20,3861,8181,68387,2448,8430,1
220.708,20,3862,8436,68424,2448,8424,1
220.780,20,3863,8699,68457,2447,8426,1
220.835,20,3864,8970,67908,2454,8436,1
220.907,20,3865,9251,67962,2452,8455,1
220.980,20,3866,9540,68015,2458,8481,1
221.053,20,3867,9224,68070,2460,8515,1
221.126,20,3868,8918,68112,2458,8539,1
221.199,20,3869,8622,68157,2457,8552,1
221.271,20,3870,8336,68199,2456,8555,1
221.344,20,3871,8060,68246,2457,8550,1
221.417,20,3872,8311,68288,2456,8535,1
221.490,20,3873,8570,68328,2456,8530,1
221.562,20,3874,8837,68368,2454,8533,1
221.635,20,3875,9114,68407,2451,8543,1
221.708,20,3876,8812,68444,2451,8563,1
221.781,20,3877,8520,68478,2451,8573,1
221.834,20,3878,8238,67910,2452,8573,1
221.907,20,3879,7964,67967,2449,8565,1
221.980,20,3880,7700,68020,2447,8549,1
222.053,20,3881,7444,68070,2456,8523,1
222.125,20,3882,7677,68115,2458,8491,1
222.198,20,3883,7916,68162,2455,8467,1
222.271,20,3884,8163,68206,2453,8450,1
222.343,20,3885,8418,68250,2452,8444,1
222.416,20,3886,8681,68293,2451,8445,1
222.489,20,3887,8952,68334,2452,8454,1
222.562,20,3888,9231,68373,2453,8470,1
222.634,20,3889,9520,68410,2453,8496,1
222.707,20,3890,9817,68450,2451,8529,1
222.780,20,3891,9491,68487,2451,8571,1
222.834,20,3892,9177,67938,2457,8601,1
222.907,20,3893,8873,67991,2455,8620,1
222.980,20,3894,8579,68042,2454,8630,1
223.053,20,3895,8295,68090,2460,8630,1
223.125,20,3896,8019,68130,2458,8621,1
223.198,20,3897,7753,68181,2457,8604,1
223.271,20,3898,7497,68226,2456,8580,1
223.343,20,3899,7249,68268,2453,8548,1
223.416,20,3900,7476,68310,2451,8510,1
223.489,20,3901,7709,68349,2449,8480,1
223.562,20,3902,7950,68394,2447,8457,1
223.634,20,3903,8199,68431,2449,8443,1
223.707,20,3904,8456,68469,2449,8437,1
223.780,20,3905,8721,68504,2449,8438,1
223.835,20,3906,8994,67980,2450,8448,1
223.908,20,3907,9275,68033,2450,8468,1
223.980,20,3908,9564,68080,2450,8495,1
224.053,20,3909,9246,68129,2448,8529,1
224.126,20,3910,8940,68175,2455,8553,1
224.199,20,3911,8642,68221,2458,8566,1
224.272,20,3912,8356,68261,2457,8571,1
224.344,20,3913,8078,68304,2457,8566,1
224.417,20,3914,7810,68344,2459,8551,1
224.490,20,3915,8055,68382,2457,8529,1
224.563,20,3916,8306,68420,2455,8516,1
224.635,20,3917,8565,68459,2454,8510,1
224.708,20,3918,8832,68495,2455,8513,1
224.781,20,3919,9109,68530,2455,8524,1
224.834,20,3920,8807,67956,2457,8544,1
224.907,20,3921,8515,68010,2457,8554,1
224.980,20,3922,8233,68061,2456,8555,1
225.053,20,3923,7959,68109,2455,8546,1
225.125,20,3924,7695,68156,2454,8529,1
225.198,20,3925,7936,68200,2460,8504,1
225.271,20,3926,8185,68242,2460,8487,1
225.344,20,3927,8440,68282,2459,8479,1
225.416,20,3928,8703,68320,2459,8479,1
225.489,20,3929,8974,68363,2457,8487,1
225.562,20,3930,9255,68401,2459,8503,1
225.635,20,3931,9544,68438,2457,8529,1
225.707,20,3932,9228,68474,2455,8562,1
225.780,20,3933,8922,68512,2454,8585,1
225.834,20,3934,8626,67959,2455,8597,1
225.907,20,3935,8340,68012,2454,8600,1
225.980,20,3936,8064,68062,2453,8594,1
226.053,20,3937,7798,68024,2454,8580,1
226.125,20,3938,7538,68068,2453,8556,1
226.198,20,3939,7288,68122,2459,8527,1
226.271,20,3940,7515,68163,2458,8489,1
226.344,20,3941,7750,68215,2461,8460,1
226.417,20,3942,7993,68255,2459,8439,1
226.489,20,3943,8242,68299,2458,8427,1
226.562,20,3944,8499,68343,2455,8422,1
226.635,20,3945,8764,68383,2454,8427,1
226.708,20,3946,9037,68419,2452,8438,1
226.780,20,3947,9320,68455,2451,8457,1
226.834,20,3948,9611,67894,2461,8486,1
226.907,20,3949,9293,67946,2460,8524,1
226.980,20,3950,8985,67999,2457,8549,1
227.052,20,3951,8687,68049,2455,8565,1
227.125,20,3952,8399,68095,2452,8570,1
227.198,20,3953,8121,68142,2454,8567,1
227.272,20,3954,7851,68205,2480,8556,1
227.345,20,3955,7589,68227,2477,8536,1
227.418,20,3956,7826,68279,2478,8508,1
227.491,20,3957,8071,68323,2473,8490,1
227.564,20,3958,8324,68376,2467,8480,1
227.636,20,3959,8585,68430,2459,8478,1
227.710,20,3960,8854,68484,2452,8484,1
227.782,20,3961,9131,68529,2442,8498,1
227.835,20,3962,8827,67932,2442,8520,1
227.908,20,3963,8533,67994,2433,8531,1
227.981,20,3964,8249,68060,2425,8534,1
228.054,20,3965,7975,68125,2420,8527,1
228.127,20,3966,8224,68183,2412,8513,1
228.200,20,3967,8481,68244,2409,8506,1
228.273,20,3968,8746,68297,2401,8509,1
228.346,20,3969,9019,68350,2395,8519,1
228.419,20,3970,9300,68414,2395,8537,1
228.492,20,3971,8992,68461,2388,8564,1
228.565,20,3972,8694,68509,2384,8580,1
228.638,20,3973,8404,68561,2379,8587,1
228.711,20,3974,8126,68603,2376,8583,1
228.784,20,3975,8379,68644,2369,8571,1
228.835,20,3976,8099,67985,2374,8568,1
228.907,20,3977,7829,68046,2368,8555,1
228.980,20,3978,7569,68109,2361,8535,1
229.054,20,3979,7806,68171,2357,8507,1
229.127,20,3980,8049,68227,2354,8487,1
229.199,20,3981,8300,68284,2346,8476,1
229.273,20,3982,8559,68342,2346,8474,1
229.345,20,3983,8826,68390,2342,8479,1
229.418,20,3984,9101,68441,2336,8492,1
229.492,20,3985,9386,68501,2339,8513,1
229.565,20,3986,9679,68548,2336,8543,1
229.638,20,3987,9359,68593,2335,8581,1
229.711,20,3988,9049,68638,2331,8607,1
229.784,20,3989,8749,68682,2329,8624,1
229.832,20,3990,8459,67998,2329,9817,0
229.906,20,3991,8179,68109,2327,9777,1
229.979,20,3992,7907,68171,2322,9728,1
230.052,20,3993,7645,68228,2317,9674,1
230.125,20,3994,7391,68286,2315,9613,1
230.198,20,3995,7145,68339,2310,9546,1
230.271,20,3996,6907,68392,2309,9472,1
230.344,20,3997,6677,68440,2312,9393,1
230.417,20,3998,6455,68483,2308,9311,1
230.490,20,3999,6239,68538,2306,9224,1
230.563,20,4000,6031,68579,2302,9132,1
230.636,20,4001,5831,68627,2302,9036,1
230.709,20,4002,5639,68668,2298,8937,1
230.782,20,4003,5453,68715,2293,8837,1
230.836,20,4004,5273,68097,2360,8735,1
230.907,20,4005,5099,68089,2364,8629,1
230.980,20,4006,4929,68135,2366,8520,1
231.053,20,4007,5084,68181,2372,8409,1
231.126,20,4008,5243,68223,2376,8307,1
231.199,20,4009,5406,68266,2378,8214,1
231.271,20,4010,5575,68306,2381,8128,1
231.344,20,4011,5750,68345,2384,8049,1
231.417,20,4012,5929,68384,2386,7980,1
231.490,20,4013,6114,68420,2395,7917,1
231.562,20,4014,6305,68457,2398,7862,1
231.635,20,4015,6502,68492,2399,7815,1
231.708,20,4016,6705,68525,2400,7776,1
231.781,20,4017,6914,68559,2402,7745,1
231.835,20,4018,7131,68018,2405,7720,1
231.908,20,4019,7354,68069,2406,7704,1
231.980,20,4020,7583,68115,2406,7694,1
232.053,20,4021,7820,68159,2407,7693,1
232.126,20,4022,8065,68200,2408,7699,1
232.199,20,4023,8318,68247,2410,7712,1
232.271,20,4024,8577,68291,2413,7734,1
232.344,20,4025,8846,68334,2415,7763,1
232.417,20,4026,9123,68373,2415,7799,1
232.490,20,4027,9408,68412,2425,7843,1
232.562,20,4028,9703,68443,2423,7894,1
232.636,20,4029,10006,68488,2430,7953,1
232.708,20,4030,10319,68518,2431,8019,1
232.781,20,4031,10642,68548,2432,8093,1
232.835,20,4032,10975,67975,2441,8174,1
232.907,20,4033,11318,68024,2442,8262,1
232.980,20,4034,11671,68072,2443,8359,1
233.053,20,4035,12036,68118,2445,8464,1
233.125,20,4036,11638,68165,2443,8578,1
233.198,20,4037,11250,68212,2441,8675,1
233.271,20,4038,10876,68255,2443,8757,1
233.344,20,4039,10514,68294,2444,8824,1
233.416,20,4040,10166,68334,2444,8879,1
233.490,20,4041,9828,68105,2449,8920,1
233.562,20,4042,9502,68146,2457,8951,1
233.635,20,4043,9186,68199,2457,8970,1
233.708,20,4044,8880,68242,2455,8977,1
233.781,20,4045,8584,68282,2457,8975,1
233.834,20,4046,8300,67713,2461,8964,1
233.907,20,4047,8024,67775,2459,8946,1
233.980,20,4048,7758,67830,2457,8919,1
234.052,20,4049,7500,67884,2455,8884,1
234.125,20,4050,7252,67938,2453,8842,1
234.198,20,4051,7012,67992,2454,8795,1
234.271,20,4052,6780,68041,2454,8741,1
234.343,20,4053,6554,68087,2452,8681,1
234.416,20,4054,6336,68134,2450,8615,1
234.489,20,4055,6126,68180,2450,8545,1
234.561,20,4056,6317,68226,2450,8472,1
234.635,20,4057,6514,68266,2461,8405,1
234.707,20,4058,6717,68311,2463,8347,1
234.780,20,4059,6926,68349,2461,8298,1
234.834,20,4060,7143,67800,2467,8257,1
234.907,20,4061,7366,67861,2465,8223,1
234.980,20,4062,7597,67914,2466,8197,1
235.052,20,4063,7834,67965,2465,8179,1
235.125,20,4064,8079,68015,2462,8170,1
235.198,20,4065,8332,68064,2461,8168,1
235.271,20,4066,8593,68112,2461,8174,1
235.343,20,4067,8862,68157,2461,8188,1
235.416,20,4068,9139,68203,2460,8210,1
235.489,20,4069,9424,68245,2460,8241,1
235.562,20,4070,9719,68288,2461,8279,1
235.634,20,4071,10022,68328,2466,8327,1
235.707,20,4072,10335,68363,2465,8382,1
235.780,20,4073,10658,68404,2463,8446,1
235.835,20,4074,10304,67885,2469,8517,1
235.908,20,4075,9962,67937,2468,8575,1
235.980,20,4076,9630,67987,2466,8619,1
236.053,20,4077,9310,68037,2464,8652,1
236.126,20,4078,9000,68084,2463,8674,1
236.199,20,4079,8700,68132,2461,8687,1
236.271,20,4080,8410,68176,2462,8689,1
236.344,20,4081,8130,68218,2461,8683,1
236.417,20,4082,7860,68260,2459,8667,1
236.489,20,4083,7598,68302,2456,8644,1
236.562,20,4084,7346,68342,2458,8613,1
236.635,20,4085,7102,68381,2459,8576,1
236.708,20,4086,7323,68419,2468,8532,1
236.781,20,4087,7552,68456,2471,8495,1
236.834,20,4088,7789,67895,2472,8467,1
236.907,20,4089,8032,67949,2474,8448,1
236.980,20,4090,8283,68000,2475,8436,1
237.053,20,4091,8542,68047,2474,8432,1
237.126,20,4092,8258,68112,2475,10306,1
237.199,20,4093,7984,68159,2476,10244,1
237.272,20,4094,7718,68202,2477,10175,1
237.344,20,4095,7462,68245,2474,10099,1
237.417,20,4096,7214,68287,2474,10018,1
237.490,20,4097,6974,68327,2471,9932,1
237.563,20,4098,6742,68367,2469,9840,1
237.635,20,4099,6518,68405,2467,9744,1
237.708,20,4100,6300,68445,2466,9644,1
237.781,20,4101,6090,68479,2474,9541,1
237.834,20,4102,5888,67902,2477,9435,1
237.907,20,4103,5694,67952,2477,9325,1
237.980,20,4104,5504,68003,2475,9213,1
238.052,20,4105,5322,68053,2473,9098,1
238.125,20,4106,5146,68103,2469,8981,1
238.198,20,4107,4976,68150,2470,8862,1
238.271,20,4108,4810,68195,2471,8743,1
238.343,20,4109,4650,68239,2470,8621,1
238.416,20,4110,4795,68286,2467,8499,1
238.489,20,4111,4944,68330,2466,8384,1
238.562,20,4112,5099,68367,2465,8279,1
238.634,20,4113,5258,68405,2463,8180,1
238.707,20,4114,5423,68444,2463,8091,1
238.780,20,4115,5592,68479,2468,8009,1
238.834,20,4116,5767,67923,2475,7936,1
238.907,20,4117,5948,67989,2476,7870,1
238.980,20,4118,6133,68037,2475,7811,1
239.053,20,4119,6324,68085,2472,7761,1
239.125,20,4120,6521,68133,2470,7718,1
239.198,20,4121,6724,68179,2469,7681,1
239.271,20,4122,6935,68224,2469,7653,1
239.344,20,4123,7152,68265,2469,7633,1
239.416,20,4124,7375,68306,2467,7620,1
239.489,20,4125,7606,68346,2467,7614,1
239.562,20,4126,7843,68387,2466,7616,1
239.635,20,4127,8088,68426,2464,7625,1
239.707,20,4128,8341,68463,2463,7642,1
239.780,20,4129,8602,68498,2465,7665,1
239.836,20,4130,8871,67966,2501,7697,1
239.908,20,4131,9148,67988,2498,7736,1
239.982,20,4132,9433,68056,2496,7783,1
240.054,20,4133,9728,68113,2492,7837,1
240.127,20,4134,10033,68167,2482,7900,1
240.200,20,4135,10346,68230,2472,7970,1
240.273,20,4136,10669,68286,2467,8046,1
240.346,20,4137,11002,68337,2458,8130,1
240.419,20,4138,11345,68390,2451,8223,1
240.492,20,4139,11700,68441,2443,8323,1
240.565,20,4140,12065,68495,2433,8432,1
240.638,20,4141,12442,68541,2424,8548,1
240.711,20,4142,12030,68591,2417,8673,1
240.784,20,4143,11630,68638,2412,8781,1
240.835,20,4144,11244,67976,2414,8873,1
240.908,20,4145,10870,68040,2409,8949,1
240.981,20,4146,10508,67906,2411,9011,1
241.054,20,4147,10160,67965,2402,9060,1
241.127,20,4148,9822,68035,2397,9096,1
241.200,20,4149,9496,68098,2388,9120,1
241.273,20,4150,9180,68159,2380,9133,1
241.346,20,4151,8876,68223,2374,9138,1
241.419,20,4152,8580,68277,2367,9133,1
241.492,20,4153,8296,68331,2361,9119,1
241.565,20,4154,8020,68384,2358,9095,1
241.638,20,4155,7754,68436,2354,9063,1
241.711,20,4156,7498,68483,2351,9023,1
241.784,20,4157,7250,68526,2348,8978,1
241.835,20,4158,7010,67878,2352,8927,1
241.908,20,4159,6778,67945,2346,8869,1
241.981,20,4160,6552,68013,2342,8807,1
242.054,20,4161,6334,68084,2341,8738,1
242.127,20,4162,6122,68138,2334,8665,1
242.200,20,4163,5918,68198,2329,8587,1
242.273,20,4164,6103,68256,2326,8506,1
242.346,20,4165,6294,68310,2321,8435,1
242.419,20,4166,6491,68367,2314,8370,1
242.492,20,4167,6694,68421,2309,8313,1
242.565,20,4168,6472,68473,2308,9728,1
242.638,20,4169,6258,68521,2304,9629,1
242.711,20,4170,6050,68569,2300,9527,1
242.784,20,4171,5850,68613,2296,9422,1
242.834,20,4172,5656,67945,2305,9313,1
242.907,20,4173,5468,68005,2307,9201,1
242.980,20,4174,5286,68062,2302,9086,1
243.053,20,4175,5110,68126,2297,8970,1
243.126,20,4176,4940,68176,2292,8852,1
243.199,20,4177,4776,68233,2294,8733,1
243.272,20,4178,4618,68291,2293,8612,1
243.345,20,4179,4763,68343,2288,8490,1
243.418,20,4180,4912,68395,2287,8375,1
243.491,20,4181,5065,68445,2284,8268,1
243.564,20,4182,5224,68491,2279,8170,1
243.637,20,4183,5387,68542,2279,8081,1
243.710,20,4184,5556,68588,2277,7999,1
243.783,20,4185,5729,68636,2277,7924,1
243.835,20,4186,5908,68023,2278,7859,1
243.907,20,4187,6093,68083,2274,7802,1
243.981,20,4188,6284,68142,2275,7750,1
244.053,20,4189,6481,68197,2271,7708,1
244.127,20,4190,6684,68265,2272,7674,1
244.200,20,4191,6893,68316,2269,7647,1
244.273,20,4192,7108,68369,2269,7625,1
244.346,20,4193,7331,68422,2265,7611,1
244.419,20,4194,7560,68476,2261,7606,1
244.492,20,4195,7797,68526,2261,7607,1
244.565,20,4196,8040,68578,2256,7616,1
244.638,20,4197,8291,68626,2257,7631,1
244.711,20,4198,8550,68672,2254,7654,1
244.784,20,4199,8817,68715,2252,7685,1
244.834,20,4200,9092,68051,2256,7722,1
244.907,20,4201,9377,68113,2254,7767,1
244.981,20,4202,9670,68176,2258,7820,1
245.053,20,4203,9973,68229,2254,7880,1
245.126,20,4204,10284,68288,2251,7948,1
245.200,20,4205,10605,68349,2255,8023,1
245.273,20,4206,10936,68395,2253,8105,1
245.346,20,4207,11277,68450,2251,8197,1
245.419,20,4208,11630,68501,2249,8297,1
245.491,20,4209,11993,68550,2246,8403,1
245.564,20,4210,12368,68595,2246,8517,1
245.637,20,4211,11958,68640,2244,8641,1
245.710,20,4212,11560,68681,2240,8747,1
245.783,20,4213,11176,68727,2236,8837,1
245.834,20,4214,10804,68070,2235,8913,1
245.907,20,4215,10444,68128,2235,8975,1
245.980,20,4216,10098,68184,2233,9023,1
246.053,20,4217,9762,68242,2236,9058,1
246.125,20,4218,9438,68293,2232,9082,1
246.199,20,4219,9124,68354,2230,9096,1
246.272,20,4220,8820,68405,2229,9099,1
246.345,20,4221,8526,68457,2228,9091,1
246.418,20,4222,8244,68512,2226,9077,1
246.491,20,4223,7970,68556,2223,9053,1
246.564,20,4224,7706,68602,2225,9021,1
246.637,20,4225,7450,68646,2224,8982,1
246.709,20,4226,7202,68688,2220,8936,1
246.782,20,4227,6962,68732,2218,8885,1
246.834,20,4228,6730,68096,2229,8827,1
246.907,20,4229,6508,68156,2229,8763,1
246.980,20,4230,6292,68210,2232,8694,1
247.053,20,4231,6084,68265,2231,8620,1
247.126,20,4232,5882,68320,2233,8543,1
247.199,20,4233,6065,68373,2231,8461,1
247.272,20,4234,6254,68428,2232,8389,1
247.345,20,4235,6449,68475,2229,8325,1
247.418,20,4236,6650,68527,2228,8269,1
247.491,20,4237,6857,68579,2226,8221,1
247.564,20,4238,7072,68629,2226,8180,1
247.637,20,4239,7293,68672,2228,8147,1
247.710,20,4240,7520,68709,2225,8122,1
247.783,20,4241,7755,68752,2222,8106,1
247.835,20,4242,7998,68129,2225,8098,1
247.908,20,4243,8247,68188,2222,8097,1
247.980,20,4244,8504,68242,2223,8104,1
248.054,20,4245,8769,68308,2224,8118,1
248.127,20,4246,9044,68361,2231,8140,1
248.200,20,4247,9327,68409,2233,8170,1
248.273,20,4248,9618,68458,2232,8208,1
248.346,20,4249,9919,68511,2234,8255,1
248.419,20,4250,10228,68443,2235,8309,1
248.492,20,4251,10547,68486,2235,8371,1
248.564,20,4252,10876,68532,2233,8440,1
248.637,20,4253,11215,68578,2229,8519,1
248.710,20,4254,10843,68625,2229,8604,1
248.783,20,4255,10483,68666,2230,8677,1
248.834,20,4256,10135,68017,2234,8737,1
248.907,20,4257,9799,68081,2234,8783,1
248.980,20,4258,9475,68143,2231,8817,1
249.053,20,4259,9161,68206,2232,8839,1
249.126,20,4260,8857,68262,2235,8852,1
249.199,20,4261,8563,68318,2241,8854,1
249.272,20,4262,8279,68367,2239,8847,1
249.346,20,4263,8005,68424,2242,8832,1
249.418,20,4264,7739,68465,2241,8808,1
249.491,20,4265,7481,68515,2241,8776,1
249.564,20,4266,7231,68561,2242,8737,1
249.637,20,4267,6989,68605,2242,8691,1
249.710,20,4268,6757,68650,2243,8640,1
249.783,20,4269,6968,68690,2240,8584,1
249.834,20,4270,6736,68039,2245,8536,1
249.907,20,4271,6947,68097,2245,8483,1
249.980,20,4272,7164,68158,2247,8439,1
250.053,20,4273,7387,68218,2245,8401,1
250.126,20,4274,7618,68270,2247,8373,1
250.199,20,4275,7857,68319,2244,8352,1
250.272,20,4276,8102,68370,2246,8340,1
250.344,20,4277,8355,68416,2243,8334,1
250.418,20,4278,8616,68476,2241,8337,1
250.491,20,4279,8885,68525,2239,8348,1
250.564,20,4280,9162,68572,2237,8367,1
250.636,20,4281,9449,68617,2235,8393,1
250.709,20,4282,9744,68664,2233,8430,1
250.780,20,4283,9420,68708,2233,10356,0
250.834,20,4284,9108,68145,2233,10329,1
250.907,20,4285,8806,68199,2234,10293,1
250.980,20,4286,8514,68254,2238,10250,1
251.053,20,4287,8232,68306,2237,10199,1
251.126,20,4288,7958,68368,2240,10140,1
251.199,20,4289,7694,68421,2238,10074,1
251.272,20,4290,7440,68471,2244,10001,1
251.345,20,4291,7194,68515,2242,9924,1
251.418,20,4292,6956,68557,2243,9840,1
251.491,20,4293,6724,68609,2250,9752,1
251.564,20,4294,6502,68644,2249,9660,1
251.637,20,4295,6286,68688,2247,9564,1
251.710,20,4296,6078,68730,2246,9463,1
251.783,20,4297,5876,68770,2246,9360,1
251.835,20,4298,5680,68150,2250,9254,1
251.908,20,4299,5490,68207,2251,9144,1
251.980,20,4300,5308,68260,2248,9032,1
252.053,20,4301,5130,68319,2246,8917,1
252.126,20,4302,4960,68376,2243,8802,1
252.199,20,4303,4796,68429,2242,8683,1
252.272,20,4304,4636,68480,2240,8564,1
252.345,20,4305,4781,68527,2241,8443,1
252.418,20,4306,4930,68574,2239,8330,1
252.492,20,4307,5085,68627,2237,8226,1
252.565,20,4308,5244,68670,2243,8130,1
252.637,20,4309,5407,68705,2241,8043,1
252.710,20,4310,5576,68747,2239,7962,1
252.783,20,4311,5751,68790,2236,7891,1
252.835,20,4312,5930,68135,2245,7827,1
252.907,20,4313,6115,68191,2242,7770,1
252.981,20,4314,6306,68245,2248,7720,1
253.053,20,4315,6503,68295,2247,7677,1
253.126,20,4316,6706,68347,2244,7642,1
253.199,20,4317,6915,68402,2244,7615,1
253.272,20,4318,7132,68455,2242,7597,1
253.345,20,4319,7355,68505,2240,7585,1
253.418,20,4320,7584,68550,2246,7580,1
253.491,20,4321,7821,68593,2247,7583,1
253.564,20,4322,8066,68640,2245,7592,1
253.637,20,4323,8319,68684,2243,7610,1
253.710,20,4324,8578,68726,2243,7635,1
253.783,20,4325,8847,68775,2238,7667,1
253.834,20,4326,9124,68117,2237,7705,1
253.907,20,4327,9409,68176,2237,7752,1
253.980,20,4328,9704,68238,2237,7807,1
254.053,20,4329,10007,68292,2239,7869,1
254.126,20,4330,10320,68343,2236,7937,1
254.199,20,4331,10643,68402,2236,8014,1
254.272,20,4332,10976,68454,2233,8098,1
254.345,20,4333,11319,68508,2235,8191,1
254.418,20,4334,11672,68552,2239,8290,1
254.491,20,4335,12037,68595,2238,8399,1
254.564,20,4336,12414,68639,2239,8515,1
254.637,20,4337,12000,68689,2240,8639,1
254.710,20,4338,11602,68729,2241,8746,1
254.783,20,4339,11218,68766,2237,8838,1
254.834,20,4340,10846,68121,2243,8914,1
254.907,20,4341,10486,68179,2239,8976,1
254.980,20,4342,10138,68240,2236,9025,1
255.053,20,4343,9802,68299,2237,9062,1
255.126,20,4344,9478,68350,2236,9087,1
255.199,20,4345,9164,68400,2233,9101,1
255.272,20,4346,8860,68450,2234,9106,1
255.345,20,4347,8566,68499,2231,9101,1
255.418,20,4348,8280,68548,2232,9087,1
255.491,20,4349,8006,68594,2236,9065,1
255.563,20,4350,7740,68633,2233,9034,1
255.636,20,4351,7482,68683,2231,8996,1
255.709,20,4352,7232,68722,2229,8951,1
255.782,20,4353,6992,68769,2227,8899,1
255.835,20,4354,6760,68155,2230,8841,1
255.908,20,4355,6536,68125,2230,8778,1
255.980,20,4356,6320,68181,2229,8710,1
256.054,20,4357,6110,68238,2230,8637,1
256.126,20,4358,5908,68290,2232,8560,1
256.199,20,4359,6093,68342,2238,8479,1
256.272,20,4360,6284,68386,2235,8407,1
256.345,20,4361,6481,68437,2234,8343,1
256.418,20,4362,6684,68489,2237,8287,1
256.491,20,4363,6893,68537,2236,8239,1
256.564,20,4364,7108,68584,2242,8199,1
256.637,20,4365,7331,68628,2241,8168,1
256.710,20,4366,7560,68677,2239,8144,1
256.784,20,4367,7797,68727,2237,8128,1
256.834,20,4368,8040,68068,2244,8121,1
256.907,20,4369,8291,68120,2242,8120,1
256.980,20,4370,8550,68181,2241,8128,1
257.053,20,4371,8817,68240,2239,8145,1
257.126,20,4372,9092,68294,2240,8169,1
257.199,20,4373,9377,68348,2239,8201,1
257.272,20,4374,9670,68401,2238,8240,1
257.345,20,4375,9973,68451,2237,8287,1
257.418,20,4376,10284,68501,2235,8343,1
257.491,20,4377,10605,68551,2239,8407,1
257.564,20,4378,10936,68595,2245,8478,1
257.637,20,4379,11277,68640,2244,8558,1
257.710,20,4380,10903,68684,2247,8646,1
257.783,20,4381,10541,68732,2248,8720,1
257.834,20,4382,10191,68072,2247,8780,1
257.907,20,4383,9853,68135,2245,8826,1
257.980,20,4384,9525,68192,2246,8860,1
258.053,20,4385,9209,68248,2242,8882,1
258.126,20,4386,8903,68307,2243,8895,1
258.198,20,4387,8609,68359,2240,8897,1
258.272,20,4388,8323,68414,2242,8890,1
258.344,20,4389,8047,68464,2240,8874,1
258.417,20,4390,7779,68513,2238,8851,1
258.490,20,4391,7521,68561,2237,8820,1
258.563,20,4392,7271,68605,2233,8783,1
258.636,20,4393,7029,68650,2238,8737,1
258.709,20,4394,6795,68689,2235,8686,1
258.782,20,4395,6569,68736,2239,8630,1
258.834,20,4396,6351,68102,2241,8569,1
258.907,20,4397,6550,68165,2239,8502,1
258.980,20,4398,6755,68222,2239,8443,1
259.053,20,4399,6966,68275,2236,8393,1
259.126,20,4400,7183,68328,2233,8350,1
259.199,20,4401,7408,68386,2234,8315,1
259.271,20,4402,7639,68437,2230,8289,1
259.345,20,4403,7878,68489,2227,8272,1
259.418,20,4404,8125,68532,2229,8262,1
259.491,20,4405,8378,68584,2228,8260,1
259.564,20,4406,8639,68635,2226,8267,1
259.637,20,4407,8908,68682,2231,8282,1
259.710,20,4408,9187,68720,2239,8303,1
259.783,20,4409,9474,68752,2236,8332,1
259.835,20,4410,9771,68134,2238,8370,1
259.908,20,4411,10076,68191,2236,8416,1
259.981,20,4412,10391,68248,2232,8470,1
260.054,20,4413,10716,68309,2234,8533,1
260.127,20,4414,10360,68359,2234,8604,1
260.200,20,4415,10016,68410,2234,8662,1
260.273,20,4416,9684,68459,2235,8706,1
260.345,20,4417,9362,68504,2232,8739,1
260.418,20,4418,9052,68553,2231,8762,1
260.491,20,4419,8752,68603,2229,8774,1
260.564,20,4420,8460,68647,2227,8776,1
260.637,20,4421,8180,68695,2226,8769,1
260.710,20,4422,7908,68735,2231,8753,1
260.783,20,4423,7646,68769,2230,8730,1
260.835,20,4424,7392,68126,2235,8698,1
260.908,20,4425,7146,68192,2236,8659,1
260.981,20,4426,6908,68252,2236,8614,1
261.054,20,4427,6678,68309,2232,8562,1
261.127,20,4428,6887,68363,2229,8506,1
261.200,20,4429,7102,68408,2230,8459,1
261.273,20,4430,7323,68457,2230,8419,1
261.345,20,4431,7552,68503,2227,8388,1
261.418,20,4432,7789,68549,2226,8363,1
261.491,20,4433,8032,68596,2222,8348,1
261.564,20,4434,8283,68638,2223,8341,1
261.637,20,4435,8542,68681,2223,8343,1
261.710,20,4436,8809,68722,2226,8352,1
261.784,20,4437,9084,68768,2228,8369,1
261.834,20,4438,9367,68099,2230,8393,1
261.907,20,4439,9660,68160,2228,8426,1
261.980,20,4440,9961,68222,2226,8466,1
262.053,20,4441,10272,68279,2224,8515,1
262.126,20,4442,9930,68334,2225,8573,1
262.199,20,4443,9600,68388,2223,8618,1
262.272,20,4444,9282,68444,2221,8651,1
262.345,20,4445,8974,68492,2219,8673,1
262.418,20,4446,8676,68539,2218,8685,1
262.491,20,4447,8388,68590,2216,8686,1
262.564,20,4448,8110,68636,2215,8679,1
262.637,20,4449,7840,68681,2218,8665,1
262.710,20,4450,7580,68721,2216,8642,1
262.783,20,4451,7328,68761,2217,8611,1
262.834,20,4452,7084,68122,2227,8575,1
262.907,20,4453,6848,68176,2229,8532,1
262.980,20,4454,7063,68237,2235,8481,1
263.053,20,4455,7284,68282,2239,8439,1
263.126,20,4456,7511,68333,2235,8405,1
263.199,20,4457,7746,68387,2231,8381,1
263.272,20,4458,7989,68443,2235,8364,1
263.345,20,4459,8238,68092,2237,8355,1
263.418,20,4460,8495,68146,2237,8355,1
263.490,20,4461,8760,68203,2235,8362,1
263.564,20,4462,9033,68267,2235,8376,1
263.637,20,4463,9316,68329,2233,8400,1
263.710,20,4464,9607,68384,2231,8432,1
263.783,20,4465,9908,68434,2230,8472,1
263.835,20,4466,9578,67825,2233,8520,1
263.908,20,4467,9260,67890,2238,8555,1
263.981,20,4468,8952,67955,2235,8579,1
264.054,20,4469,8654,68027,2235,8594,1
264.127,20,4470,8368,68091,2236,8598,1
264.201,20,4471,8090,68161,2241,8593,1
264.274,20,4472,7822,68218,2241,8580,1
264.346,20,4473,7562,68274,2240,8559,1
264.419,20,4474,7799,68330,2240,8531,1
264.492,20,4475,8042,68381,2238,8510,1
264.565,20,4476,8293,68433,2238,8499,1
264.638,20,4477,8552,68481,2236,8496,1
264.711,20,4478,8819,68530,2232,8500,1
264.784,20,4479,9094,68580,2232,8512,1
264.834,20,4480,8792,67909,2235,8533,1
264.907,20,4481,8500,67976,2237,8543,1
264.980,20,4482,8218,68040,2235,8544,1
265.053,20,4483,7946,68104,2233,8536,1
265.127,20,4484,8195,68171,2236,8521,1
265.200,20,4485,8452,68229,2238,8513,1
265.272,20,4486,8717,68284,2234,8514,1
265.346,20,4487,8990,68349,2235,8522,1
265.419,20,4488,9271,68403,2233,8538,1
265.492,20,4489,8963,68452,2232,8564,1
265.565,20,4490,8667,68500,2231,8578,1
265.637,20,4491,8379,68546,2227,8582,1
265.710,20,4492,8099,68592,2230,8579,1
265.783,20,4493,8352,68633,2229,8566,1
265.834,20,4494,8074,67979,2234,8562,1
265.907,20,4495,7806,68042,2236,8548,1
265.980,20,4496,7546,68101,2242,8527,1
266.053,20,4497,7781,68157,2244,8498,1
266.126,20,4498,8024,68223,2250,8479,1
266.199,20,4499,8275,68272,2251,8466,1
266.272,20,4500,8534,68324,2248,8462,1
266.345,20,4501,8801,68376,2251,8467,1
266.418,20,4502,9076,68429,2249,8481,1
266.491,20,4503,9359,68484,2248,8501,1
266.564,20,4504,9652,68533,2249,8530,1
266.637,20,4505,9953,68578,2250,8568,1
266.710,20,4506,9623,68624,2251,8613,1
266.783,20,4507,9303,68669,2248,8646,1
266.834,20,4508,8995,68014,2249,8670,1
266.907,20,4509,8697,68077,2249,8683,1
266.980,20,4510,8407,68139,2246,8685,1
267.053,20,4511,8129,68201,2253,8678,1
267.126,20,4512,7859,68256,2254,8663,1
267.199,20,4513,7597,68314,2257,8639,1
267.272,20,4514,7345,68361,2255,8609,1
267.345,20,4515,7101,68413,2252,8572,1
267.418,20,4516,7322,68469,2250,8528,1
267.491,20,4517,7551,68519,2251,8492,1
267.564,20,4518,7786,68567,2246,8465,1
267.637,20,4519,8029,68611,2243,8446,1
267.710,20,4520,8280,68653,2241,8435,1
267.783,20,4521,8539,68695,2242,8432,1
267.835,20,4522,8806,68071,2242,8438,1
267.908,20,4523,9081,68134,2240,8453,1
267.980,20,4524,9364,68189,2239,8476,1
268.054,20,4525,9657,68248,2243,8506,1
268.126,20,4526,9335,68300,2240,8545,1
268.199,20,4527,9025,68359,2238,8571,1
268.273,20,4528,8727,68414,2239,8587,1
268.346,20,4529,8437,68463,2240,8593,1
268.419,20,4530,8157,68513,2239,8590,1
268.492,20,4531,7887,68566,2238,8579,1
268.565,20,4532,8134,68612,2243,8560,1
268.638,20,4533,8389,68647,2241,8549,1
268.710,20,4534,8652,68690,2239,8547,1
268.783,20,4535,8923,68733,2238,8554,1
268.835,20,4536,8627,68081,2248,8568,1
268.908,20,4537,8339,68142,2247,8572,1
268.981,20,4538,8063,68203,2251,8568,1
269.054,20,4539,7795,68257,2251,8554,1
269.127,20,4540,8038,68309,2252,8534,1
269.200,20,4541,8289,68359,2251,8520,1
269.273,20,4542,8548,68416,2249,8516,1
269.345,20,4543,8815,68467,2246,8518,1
269.418,20,4544,9090,68513,2245,8530,1
269.491,20,4545,9375,68561,2243,8549,1
269.564,20,4546,9063,68605,2240,8577,1
269.637,20,4547,8761,68649,2238,8594,1
269.710,20,4548,8469,68689,2240,8601,1
269.783,20,4549,8189,68729,2237,8598,1
269.834,20,4550,7917,68081,2236,8588,1
269.907,20,4551,7653,68145,2236,8570,1
269.980,20,4552,7399,68203,2237,8543,1
270.053,20,4553,7630,68261,2234,8510,1
270.126,20,4554,7869,68312,2234,8486,1
270.199,20,4555,8114,68364,2235,8469,1
270.272,20,4556,8367,68417,2233,8461,1
270.345,20,4557,8628,68471,2235,8460,1
270.418,20,4558,8897,68522,2235,8467,1
270.491,20,4559,9176,68575,2236,8482,1
270.564,20,4560,9463,68620,2234,8506,1
270.637,20,4561,9758,68662,2235,8539,1
270.710,20,4562,10063,68703,2233,8579,1
270.783,20,4563,9729,68742,2231,8627,1
270.834,20,4564,9407,67991,2238,8665,1
270.907,20,4565,9093,68052,2237,8691,1
270.980,20,4566,8791,68113,2234,8705,1
271.053,20,4567,8499,68178,2230,8711,1
271.126,20,4568,8217,68236,2228,8706,1
271.199,20,4569,7945,68297,2231,8692,1
271.272,20,4570,7681,68348,2228,8672,1
271.345,20,4571,7427,68406,2226,8644,1
271.418,20,4572,7181,68462,2226,8609,1
271.491,20,4573,6943,68511,2224,8567,1
271.564,20,4574,7160,68561,2223,8519,1
271.637,20,4575,7383,68609,2221,8480,1
271.710,20,4576,7614,68654,2221,8449,1
271.783,20,4577,7851,68696,2226,8426,1
271.835,20,4578,8096,68060,2227,8411,1
271.908,20,4579,8349,68120,2227,8404,1
271.981,20,4580,8610,68181,2228,8406,1
272.054,20,4581,8879,68242,2227,8416,1
272.126,20,4582,9156,68297,2225,8433,1
272.200,20,4583,9443,68352,2229,8457,1
272.272,20,4584,9738,68396,2231,8491,1
272.345,20,4585,10043,68441,2230,8533,1
272.419,20,4586,9709,68498,2230,8583,1
272.491,20,4587,9387,68548,2227,8621,1
272.564,20,4588,9075,68598,2226,8647,1
272.637,20,4589,8773,68639,2227,8664,1
272.710,20,4590,8483,68681,2228,8669,1
272.783,20,4591,8201,68725,2226,8667,1
272.834,20,4592,7929,68074,2237,8656,1
272.907,20,4593,7665,68131,2236,8635,1
272.980,20,4594,7409,68190,2235,8607,1
273.053,20,4595,7163,68247,2233,8571,1
273.126,20,4596,7386,68300,2230,8529,1
273.199,20,4597,7617,68355,2229,8496,1
273.272,20,4598,7856,68408,2226,8470,1
273.345,20,4599,8101,68457,2227,8453,1
273.418,20,4600,8354,68504,2225,8444,1
273.491,20,4601,8615,68561,2224,8445,1
273.564,20,4602,8884,68604,2226,8453,1
273.637,20,4603,9161,68648,2228,8469,1
273.710,20,4604,9448,68690,2227,8494,1
273.783,20,4605,9743,68734,2224,8526,1
273.834,20,4606,9419,68086,2224,8567,1
273.907,20,4607,9107,68145,2222,8595,1
273.980,20,4608,8805,68204,2221,8614,1
274.053,20,4609,8513,68262,2221,8622,1
274.126,20,4610,8231,68317,2221,8620,1
274.199,20,4611,7957,68375,2222,8610,1
274.272,20,4612,7693,68429,2222,8592,1
274.345,20,4613,7439,68477,2224,8566,1
274.418,20,4614,7672,68527,2220,8534,1
274.491,20,4615,7911,68574,2221,8509,1
274.564,20,4616,8158,68623,2222,8493,1
274.637,20,4617,8413,68673,2221,8486,1
274.710,20,4618,8676,68719,2219,8486,1
274.783,20,4619,8947,68762,2223,8493,1
274.834,20,4620,9226,68104,2228,8511,1
274.907,20,4621,8920,68164,2228,8536,1
274.980,20,4622,8624,68222,2227,8550,1
275.053,20,4623,8338,68278,2225,8556,1
275.126,20,4624,8062,68330,2222,8551,1
275.199,20,4625,8313,68382,2220,8537,1
275.272,20,4626,8572,68435,2217,8532,1
275.345,20,4627,8839,68487,2214,8536,1
275.418,20,4628,9116,68535,2216,8549,1
275.491,20,4629,9401,68575,2214,8569,1
275.564,20,4630,9089,68625,2216,8596,1
275.637,20,4631,8789,68668,2221,8614,1
275.710,20,4632,8497,68704,2219,8621,1
275.782,20,4633,8215,68744,2216,8618,1
275.835,20,4634,7943,68131,2220,8607,1
275.907,20,4635,7679,68189,2218,8590,1
275.980,20,4636,7423,68249,2215,8565,1
276.054,20,4637,7654,68309,2214,8532,1
276.127,20,4638,7893,68367,2212,8508,1
276.200,20,4639,8140,68417,2208,8491,1
276.273,20,4640,8395,68468,2208,8483,1
276.346,20,4641,8658,68519,2210,8484,1
276.419,20,4642,8929,68570,2211,8492,1
276.492,20,4643,9208,68618,2217,8507,1
276.565,20,4644,9495,68658,2218,8532,1
276.638,20,4645,9792,68707,2220,8564,1
276.711,20,4646,9468,68748,2218,8604,1
276.784,20,4647,9152,68786,2219,8633,1
276.834,20,4648,8850,68124,2223,8652,1
276.907,20,4649,8556,68183,2226,8661,1
276.980,20,4650,8272,68243,2225,8660,1
277.053,20,4651,7998,68298,2223,8649,1
277.126,20,4652,7732,68352,2222,8632,1
277.199,20,4653,7474,68407,2221,8605,1
277.272,20,4654,7226,68455,2218,8573,1
277.345,20,4655,7451,68510,2217,8533,1
277.418,20,4656,7684,68557,2221,8501,1
277.491,20,4657,7925,68601,2224,8478,1
277.564,20,4658,8172,68643,2223,8462,1
277.637,20,4659,8427,68685,2227,8454,1
277.710,20,4660,8690,68734,2227,8455,1
277.783,20,4661,8961,68768,2224,8464,1
277.834,20,4662,9242,68108,2223,8481,1
277.907,20,4663,9531,68163,2221,8508,1
277.980,20,4664,9213,68220,2221,8543,1
278.053,20,4665,8907,68277,2223,8567,1
278.126,20,4666,8611,68335,2221,8581,1
278.199,20,4667,8325,68392,2223,8584,1
278.272,20,4668,8049,68440,2222,8578,1
278.345,20,4669,7781,68388,2221,8565,1
278.418,20,4670,8024,68437,2222,8544,1
278.491,20,4671,8275,68489,2224,8530,1
278.564,20,4672,8534,68535,2230,8523,1
278.636,20,4673,8801,68578,2228,8525,1
278.710,20,4674,9076,68630,2232,8537,1
278.783,20,4675,9359,68671,2228,8556,1
278.834,20,4676,9049,68025,2231,8583,1
278.907,20,4677,8749,68081,2229,8599,1
278.980,20,4678,8459,68145,2228,8607,1
279.053,20,4679,8179,68206,2229,8604,1
279.126,20,4680,7907,68261,2226,8594,1
279.199,20,4681,7645,68321,2226,8574,1
279.272,20,4682,7391,68376,2229,8548,1
279.345,20,4683,7622,68425,2228,8515,1
279.418,20,4684,7861,68478,2228,8491,1
279.491,20,4685,8106,68528,2224,8473,1
279.564,20,4686,8359,68579,2224,8465,1
279.637,20,4687,8620,68630,2227,8465,1
279.710,20,4688,8889,68668,2226,8472,1
279.783,20,4689,9166,68718,2224,8487,1
279.835,20,4690,9453,68111,2232,8511,1
279.908,20,4691,9139,68165,2230,8543,1
279.981,20,4692,8835,68225,2232,8564,1
280.054,20,4693,8543,68281,2229,8574,1
280.127,20,4694,8259,68338,2226,8576,1
280.200,20,4695,7985,68389,2225,8569,1
280.273,20,4696,8234,68439,2223,8553,1
280.346,20,4697,8491,68490,2223,8545,1
280.419,20,4698,8756,68541,2226,8546,1
280.492,20,4699,9029,68584,2226,8554,1
280.565,20,4700,9312,68629,2223,8570,1
280.638,20,4701,9002,68675,2226,8597,1
280.711,20,4702,8702,68712,2226,8611,1
280.784,20,4703,8412,68752,2223,8616,1
280.834,20,4704,8132,68084,2222,8613,1
280.907,20,4705,7862,68149,2224,8601,1
280.981,20,4706,7600,68210,2227,8579,1
281.054,20,4707,7348,68269,2227,8552,1
281.127,20,4708,7577,68322,2225,8517,1
281.199,20,4709,7814,68372,2224,8490,1
281.272,20,4710,8059,68425,2224,8470,1
281.346,20,4711,8310,68476,2230,8459,1
281.419,20,4712,8569,68519,2229,8456,1
281.491,20,4713,8836,68558,2227,8462,1
281.564,20,4714,9113,68603,2226,8476,1
281.637,20,4715,9398,68645,2226,8497,1
281.710,20,4716,9691,68689,2232,8527,1
281.783,20,4717,9994,68724,2230,8566,1
281.834,20,4718,9662,68070,2230,8612,1
281.907,20,4719,9340,68135,2227,8647,1
281.980,20,4720,9030,68194,2226,8671,1
282.053,20,4721,8730,68251,2227,8684,1
282.126,20,4722,8440,68305,2228,8689,1
282.199,20,4723,8160,68360,2227,8683,1
282.272,20,4724,7890,68408,2224,8669,1
282.345,20,4725,7628,68466,2222,8648,1
282.418,20,4726,7376,68513,2220,8619,1
282.491,20,4727,7132,68563,2218,8581,1
282.564,20,4728,7355,68608,2220,8537,1
282.636,20,4729,7584,68651,2218,8502,1
282.709,20,4730,7821,68689,2216,8476,1
282.783,20,4731,8066,68733,2222,8459,1
282.834,20,4732,8319,68096,2228,8450,1
282.907,20,4733,8578,68159,2231,8448,1
282.980,20,4734,8847,68216,2229,8455,1
283.053,20,4735,9124,68273,2230,8469,1
283.126,20,4736,9409,68323,2227,8492,1
283.199,20,4737,9704,68377,2226,8523,1
283.272,20,4738,9382,68429,2225,8561,1
283.345,20,4739,9070,68478,2224,8590,1
283.418,20,4740,8768,68532,2225,8607,1
283.491,20,4741,8478,68580,2226,8614,1
283.564,20,4742,8196,68621,2225,8613,1
283.637,20,4743,7924,68663,2224,8602,1
283.710,20,4744,8171,68710,2223,8583,1
283.783,20,4745,8426,68753,2227,8572,1
283.835,20,4746,8146,68117,2230,8570,1
283.908,20,4747,7876,68181,2227,8560,1
283.981,20,4748,7616,68242,2225,8541,1
284.054,20,4749,7855,68298,2227,8514,1
284.127,20,4750,8100,68350,2226,8497,1
284.200,20,4751,8353,68401,2225,8487,1
284.273,20,4752,8614,68456,2226,8484,1
284.346,20,4753,8883,68506,2224,8492,1
284.419,20,4754,9160,68555,2222,8507,1
284.492,20,4755,9447,68599,2222,8529,1
284.565,20,4756,9742,68642,2223,8561,1
284.637,20,4757,9420,68687,2221,8601,1
284.710,20,4758,9108,68730,2219,8630,1
284.783,20,4759,8806,68769,2219,8646,1
284.834,20,4760,8514,68117,2222,8654,1
284.907,20,4761,8232,68179,2220,8652,1
284.980,20,4762,7958,68237,2221,8641,1
285.054,20,4763,7694,68299,2221,8622,1
285.126,20,4764,7440,68350,2219,8598,1
285.199,20,4765,7194,68405,2219,8564,1
285.272,20,4766,7419,68454,2219,8523,1
285.345,20,4767,7650,68503,2220,8491,1
285.418,20,4768,7889,68552,2222,8468,1
285.491,20,4769,8136,68599,2224,8453,1
285.564,20,4770,8391,68637,2223,8445,1
285.637,20,4771,8654,68673,2221,8446,1
285.710,20,4772,8925,68716,2218,8455,1
285.783,20,4773,9204,68756,2217,8472,1
285.834,20,4774,9491,68013,2217,8497,1
285.907,20,4775,9177,68076,2220,8531,1
285.980,20,4776,8873,68138,2222,8553,1
286.053,20,4777,8579,68201,2219,8565,1
286.126,20,4778,8295,68261,2217,8567,1
286.199,20,4779,8019,68318,2216,8560,1
286.272,20,4780,7753,68371,2221,8547,1
286.345,20,4781,7996,68414,2219,8525,1
286.418,20,4782,8245,68467,2217,8511,1
286.491,20,4783,8502,68519,2217,8506,1
286.564,20,4784,8767,68570,2219,8509,1
286.637,20,4785,9040,68614,2221,8519,1
286.710,20,4786,9323,68656,2223,8538,1
286.783,20,4787,9614,68696,2224,8565,1
286.834,20,4788,9296,68050,2225,8600,1
286.907,20,4789,8988,68119,2230,8625,1
286.980,20,4790,8690,68167,2232,8638,1
287.053,20,4791,8400,68221,2229,8643,1
287.126,20,4792,8122,68286,2230,8638,1
287.199,20,4793,7852,68338,2227,8623,1
287.272,20,4794,7590,68391,2226,8600,1
287.345,20,4795,7338,68442,2227,8572,1
287.418,20,4796,7567,68493,2225,8536,1
287.491,20,4797,7804,68544,2222,8509,1
287.564,20,4798,8047,68590,2219,8490,1
287.637,20,4799,8298,68642,2218,8480,1
287.710,20,4800,8557,68685,2217,8477,1
287.782,20,4801,8824,68724,2215,8482,1
287.834,20,4802,9099,68109,2214,8495,1
287.907,20,4803,9384,68171,2213,8516,1
287.981,20,4804,9072,68227,2219,8546,1
288.053,20,4805,8770,68280,2218,8565,1
288.126,20,4806,8480,68337,2217,8573,1
288.200,20,4807,8198,68395,2216,8573,1
288.273,20,4808,7926,68446,2218,8565,1
288.345,20,4809,8173,68495,2216,8546,1
288.418,20,4810,8428,68543,2214,8537,1
288.491,20,4811,8691,68588,2215,8536,1
288.564,20,4812,8962,68634,2216,8543,1
288.637,20,4813,9243,68681,2217,8558,1
288.710,20,4814,9532,68725,2214,8581,1
288.783,20,4815,9214,68765,2216,8613,1
288.834,20,4816,8908,68112,2218,8634,1
288.907,20,4817,8612,68171,2214,8645,1
288.980,20,4818,8326,68230,2220,8646,1
289.053,20,4819,8050,68283,2226,8639,1
289.126,20,4820,7782,68331,2225,8623,1
289.199,20,4821,7524,68391,2224,8599,1
289.272,20,4822,7274,68445,2222,8568,1
289.345,20,4823,7501,68496,2220,8530,1
289.418,20,4824,7736,68546,2220,8501,1
289.491,20,4825,7977,68597,2221,8479,1
289.564,20,4826,8226,68644,2219,8466,1
289.637,20,4827,8483,68688,2219,8461,1
289.710,20,4828,8748,68731,2220,8463,1
289.783,20,4829,9021,68778,2218,8475,1
289.834,20,4830,9302,68112,2218,8496,1
289.907,20,4831,8994,68175,2217,8523,1
289.980,20,4832,8696,68233,2220,8541,1
290.053,20,4833,8406,68291,2219,8549,1
290.126,20,4834,8128,68341,2225,8547,1
290.199,20,4835,8383,68392,2227,8536,1
290.272,20,4836,8644,68449,2227,8533,1
290.345,20,4837,8915,68499,2227,8539,1
290.418,20,4838,9194,68545,2227,8553,1
290.491,20,4839,8888,68594,2225,8575,1
290.564,20,4840,8592,68637,2226,8586,1
290.637,20,4841,8308,68685,2222,8588,1
290.710,20,4842,8567,68726,2224,8582,1
290.783,20,4843,8834,68768,2223,8584,1
290.834,20,4844,8542,68119,2222,8595,1
290.907,20,4845,8258,68184,2220,8596,1
290.980,20,4846,7984,68242,2219,8587,1
291.053,20,4847,7718,68296,2217,8571,1
291.126,20,4848,7462,68347,2219,8548,1
291.198,20,4849,7695,68394,2216,8517,1
291.271,20,4850,7936,68444,2213,8494,1
291.345,20,4851,8185,68502,2215,8480,1
291.417,20,4852,8440,68544,2217,8472,1
291.490,20,4853,8703,68588,2217,8473,1
291.563,20,4854,8974,68634,2214,8482,1
291.636,20,4855,9255,68679,2213,8500,1
291.709,20,4856,9544,68723,2210,8527,1
291.782,20,4857,9843,68769,2207,8561,1
291.834,20,4858,9515,68162,2207,8603,1
291.908,20,4859,9199,68223,2206,8634,1
291.981,20,4860,8893,68282,2205,8653,1
292.054,20,4861,8597,68333,2205,8664,1
292.127,20,4862,8311,68386,2208,8664,1
292.200,20,4863,8035,68439,2212,8655,1
292.273,20,4864,7769,68483,2210,8639,1
292.346,20,4865,7511,68538,2208,8614,1
292.419,20,4866,7261,68587,2210,8582,1
292.492,20,4867,7488,68634,2211,8544,1
292.565,20,4868,7723,68676,2212,8513,1
292.638,20,4869,7964,68719,2213,8491,1
292.711,20,4870,8213,68760,2211,8477,1
292.784,20,4871,8470,68812,2208,8472,1
292.834,20,4872,8735,68138,2208,8474,1
292.907,20,4873,9008,68194,2207,8484,1
292.980,20,4874,9289,68252,2206,8504,1
293.053,20,4875,9580,68306,2205,8531,1
293.126,20,4876,9262,68357,2204,8566,1
293.199,20,4877,8954,68420,2201,8589,1
293.272,20,4878,8656,68473,2203,8602,1
293.345,20,4879,8370,68439,2207,8606,1
293.418,20,4880,8092,68490,2207,8601,1
293.491,20,4881,7824,68537,2208,8588,1
293.564,20,4882,8069,68581,2210,8567,1
293.637,20,4883,8322,68627,2207,8554,1
293.710,20,4884,8583,68673,2211,8548,1
293.783,20,4885,8852,68716,2211,8552,1
293.834,20,4886,8558,68057,2212,8563,1
293.907,20,4887,8274,68116,2216,8565,1
293.980,20,4888,8000,68173,2215,10368,1
294.053,20,4889,7736,68231,2215,10296,1
294.126,20,4890,7478,68285,2215,10218,1
294.199,20,4891,7230,68340,2213,10135,1
294.272,20,4892,6990,68392,2217,10047,1
294.345,20,4893,6758,68439,2215,9955,1
294.418,20,4894,6534,68492,2215,9856,1
294.491,20,4895,6318,68544,2218,9756,1
294.564,20,4896,6108,68587,2220,9652,1
294.637,20,4897,5906,68633,2218,9543,1
294.710,20,4898,5710,68676,2216,9433,1
294.783,20,4899,5520,68720,2216,9318,1
294.834,20,4900,5338,68085,2219,9202,1
294.907,20,4901,5160,68147,2218,9083,1
294.980,20,4902,4988,68209,2217,8962,1
295.053,20,4903,4822,68270,2215,8841,1
295.126,20,4904,4662,68326,2216,8718,1
295.199,20,4905,4506,68384,2215,8592,1
295.272,20,4906,4647,68436,2213,8468,1
295.345,20,4907,4792,68483,2216,8352,1
295.418,20,4908,4941,68531,2214,8244,1
295.491,20,4909,5096,68586,2218,8144,1
295.564,20,4910,5255,68626,2216,8050,1
295.637,20,4911,5420,68673,2214,7965,1
295.710,20,4912,5589,68717,2213,7888,1
295.783,20,4913,5764,68759,2212,7817,1
295.834,20,4914,5945,68122,2213,7755,1
295.908,20,4915,6130,68184,2215,7701,1
295.980,20,4916,6321,68240,2214,7655,1
296.053,20,4917,6518,68299,2214,7616,1
296.126,20,4918,6721,68356,2211,7584,1
296.200,20,4919,6932,68416,2212,7560,1
296.273,20,4920,6702,68468,2211,9060,1
296.345,20,4921,6480,68514,2209,8990,1
296.419,20,4922,6266,68562,2216,8915,1
296.491,20,4923,6058,68604,2216,8836,1
296.565,20,4924,5856,68654,2221,8752,1
296.637,20,4925,5662,68691,2222,8664,1
296.710,20,4926,5839,68734,2223,8571,1
296.783,20,4927,6022,68775,2223,8487,1
296.835,20,4928,6211,68124,2233,8412,1
296.908,20,4929,6406,68185,2234,8345,1
296.981,20,4930,6607,68244,2234,8286,1
297.054,20,4931,6814,68303,2234,8236,1
297.127,20,4932,7027,68355,2233,8195,1
297.199,20,4933,7246,68409,2228,8161,1
297.272,20,4934,7473,68466,2225,8135,1
297.346,20,4935,7706,68518,2226,8118,1
297.419,20,4936,7947,68566,2233,8107,1
297.491,20,4937,8196,68606,2231,8105,1
297.564,20,4938,8453,68646,2229,8110,1
297.637,20,4939,8718,68693,2227,8124,1
297.710,20,4940,8991,68734,2225,8145,1
297.783,20,4941,9272,68778,2223,8175,1
297.834,20,4942,9561,68113,2224,8212,1
297.907,20,4943,9860,68172,2222,8256,1
297.980,20,4944,10169,68229,2221,8309,1
298.052,20,4945,10486,68282,2217,8370,1
298.125,20,4946,10813,68335,2218,8437,1
298.198,20,4947,11150,68389,2218,8513,1
298.271,20,4948,10780,68441,2216,8598,1
298.345,20,4949,10422,68490,2217,8669,1
298.418,20,4950,10076,68539,2227,8725,1
298.491,20,4951,9742,68567,2234,8770,1
298.563,20,4952,9420,68603,2235,8802,1
298.636,20,4953,9108,68654,2237,8823,1
298.709,20,4954,8806,68696,2235,8834,1
298.782,20,4955,8514,68743,2236,8835,1
298.834,20,4956,8232,68107,2236,8827,1
298.907,20,4957,7958,68168,2234,8810,1
298.980,20,4958,7694,68227,2230,8785,1
299.053,20,4959,7440,68286,2226,8753,1
299.126,20,4960,7194,68340,2224,8713,1
299.199,20,4961,6956,68394,2225,8668,1
299.272,20,4962,6724,68448,2222,8617,1
299.345,20,4963,6935,68496,2222,8561,1
299.417,20,4964,7152,68546,2219,8512,1
299.491,20,4965,7375,68595,2218,8473,1
299.564,20,4966,7606,68643,2223,8440,1
299.637,20,4967,7843,68685,2220,8415,1
299.710,20,4968,8088,68732,2220,8398,1
299.783,20,4969,8341,68766,2218,8391,1
299.834,20,4970,8602,68142,2217,8392,1
299.907,20,4971,8871,68206,2214,8400,1
299.980,20,4972,9148,68265,2213,8416,1
300.053,20,4973,9433,68320,2211,8441,1
300.127,20,4974,9728,68376,2213,8474,1
300.199,20,4975,10033,68425,2214,8516,1
300.272,20,4976,9699,68472,2216,8567,1
300.343,20,4977,9377,68520,2216,10487,0
300.418,20,4978,9065,68616,2218,10454,1
300.490,20,4979,8763,68658,2216,10412,1
300.563,20,4980,8471,68698,2218,10363,1
300.636,20,4981,8189,68733,2215,10307,1
300.709,20,4982,7917,68771,2216,10243,1
300.782,20,4983,7653,68816,2221,10172,1
300.834,20,4984,7399,68087,2223,10096,1
300.907,20,4985,7153,68148,2221,10015,1
300.980,20,4986,6915,68206,2223,9928,1
301.053,20,4987,6687,68263,2221,9835,1
301.126,20,4988,6465,68316,2220,9740,1
301.199,20,4989,6251,68369,2219,9640,1
301.272,20,4990,6043,68426,2217,9536,1
301.345,20,4991,5843,68475,2216,9430,1
301.418,20,4992,5649,68520,2216,9321,1
301.491,20,4993,5461,68574,2215,9209,1
301.564,20,4994,5279,68619,2215,9093,1
301.637,20,4995,5103,68662,2216,8976,1
301.710,20,4996,4933,68699,2215,8856,1
301.783,20,4997,4769,68744,2218,8737,1
301.834,20,4998,4611,68086,2219,8616,1
301.907,20,4999,4756,68148,2218,8493,1
301.980,200,5000,4905,68210,2217,8378,1
302.233,200,5001,5058,73892,2213,8271,1
302.486,200,5002,5217,79398,2211,8173,1
302.739,200,5003,5380,84731,2218,8083,1
302.992,200,5004,5549,89903,2222,8002,1
303.245,200,5005,5722,94899,2221,7927,1
303.498,200,5006,5901,99750,2219,7860,1
303.752,200,5007,6086,104452,2223,7802,1
304.005,200,5008,6277,109007,2227,7752,1
304.258,200,5009,6474,113408,2227,7708,1
304.511,200,5010,6677,117682,2225,7672,1
304.764,200,5011,6886,121819,2228,7644,1
305.017,200,5012,7101,125835,2232,7624,1
305.270,200,5013,7322,129712,2237,7611,1
305.523,200,5014,7551,133470,2233,7605,1
305.776,200,5015,7786,137119,2230,7606,1
306.030,200,5016,8029,140658,2239,7614,1
306.283,200,5017,8280,144072,2240,7628,1
306.536,200,5018,8539,147383,2240,7652,1
306.789,200,5019,8806,150592,2239,7683,1
307.042,200,5020,9081,153712,2249,7720,1
307.295,200,5021,9364,156716,2246,7765,1
307.548,200,5022,9657,159634,2246,7817,1
307.801,200,5023,9958,162463,2245,7877,1
308.055,200,5024,10269,165202,2250,7944,1
308.308,200,5025,10590,167853,2254,8019,1
308.561,200,5026,10921,170418,2253,8102,1
308.814,200,5027,11262,172906,2249,8191,1
309.067,200,5028,11613,175320,2253,8290,1
309.320,200,5029,11976,177653,2254,8397,1
309.573,200,5030,12351,179917,2251,8512,1
309.826,200,5031,12736,182107,2247,8634,1
310.079,200,5032,13135,184233,2254,8765,1
310.332,200,5033,13546,186288,2256,8903,1
310.585,200,5034,13969,188277,2253,9050,1
310.834,200,5035,14406,190077,2251,9207,1
311.087,200,5036,14857,191951,2251,9372,1
311.340,200,5037,15322,193772,2251,9547,1
311.593,200,5038,15801,195530,2247,9730,1
311.835,200,5039,16294,196868,2247,9922,1
312.088,200,5040,16803,198531,2253,10122,1
312.341,200,5041,17328,200145,2258,10333,1
312.594,200,5042,17869,201700,2258,10553,1
312.834,200,5043,18428,202806,2262,10784,1
313.087,200,5044,19003,204276,2260,11026,1
313.341,200,5045,19596,205718,2266,11277,1
313.593,200,5046,20209,207098,2263,11539,1
313.834,200,5047,20840,208043,2261,11813,1
314.087,200,5048,21491,209352,2256,12097,1
314.340,200,5049,22162,210627,2261,12392,1
314.593,200,5050,22855,211857,2264,12699,1
314.834,200,5051,23570,212669,2265,13019,1
315.087,200,5052,24307,213843,2266,13352,1
315.340,200,5053,25066,214973,2269,13697,1
315.594,200,5054,25849,216073,2272,14055,1
315.835,200,5055,26656,216749,2272,14426,1
316.087,200,5056,27489,217792,2267,14810,1
316.341,200,5057,28348,218802,2275,15209,1
316.594,200,5058,29233,219778,2271,15621,1
316.834,200,5059,30146,220334,2269,16049,1
317.087,200,5060,31089,221263,2269,16492,1
317.340,200,5061,32060,222164,2269,16950,1
317.594,200,5062,33061,223040,2274,17424,1
317.834,200,5063,34094,223478,2272,17915,1
318.087,200,5064,35159,224307,2274,18422,1
318.340,200,5065,36258,225113,2268,18948,1
318.593,200,5066,37391,225904,2267,19490,1
318.834,200,5067,38560,226272,2267,20052,1
319.087,200,5068,39765,227014,2266,20633,1
319.340,200,5069,41008,227736,2264,21234,1
319.593,200,5070,42289,228435,2265,21855,1
319.835,200,5071,43610,228755,2273,22497,1
320.088,200,5072,44973,229413,2269,23158,1
320.341,200,5073,46378,230061,2266,23843,1
320.594,200,5074,47827,230685,2268,24549,1
320.834,200,5075,49322,230894,2273,25279,1
321.088,200,5076,50863,231489,2275,26033,1
321.340,200,5077,52452,232066,2270,26811,1
321.594,200,5078,54091,232631,2274,27613,1
321.834,200,5079,55782,232783,2280,28443,1
322.087,200,5080,53930,233318,2276,29299,1
322.340,200,5081,52140,233841,2276,30070,1
322.593,200,5082,50408,234252,2282,30763,1
322.834,200,5083,48734,234354,2285,31379,1
323.087,200,5084,47116,234840,2285,31923,1
323.340,200,5085,45552,235313,2283,32400,1
323.593,200,5086,44040,235775,2282,32814,1
323.835,200,5087,42578,235870,2287,33167,1
324.088,200,5088,41164,236309,2288,33463,1
324.341,200,5089,39798,236740,2283,33705,1
324.594,200,5090,38476,237159,2279,33899,1
324.834,200,5091,37200,237165,2282,34043,1
325.087,200,5092,35966,237563,2284,34145,1
325.340,200,5093,34770,237950,2279,34203,1
325.593,200,5094,33616,238334,2277,34223,1
325.835,200,5095,32500,238338,2288,34206,1
326.088,200,5096,31420,238704,2294,34154,1
326.341,200,5097,30376,239054,2288,34071,1
326.594,200,5098,29368,239400,2284,33957,1
326.834,200,5099,28392,239311,2289,33816,1
327.087,200,5100,27450,239648,2286,33648,1
327.340,200,5101,26538,239973,2281,33456,1
327.593,200,5102,25656,240300,2279,33242,1
327.835,200,5103,24804,240241,2282,33007,1
328.088,200,5104,23980,240551,2286,32753,1
328.341,200,5105,23184,240846,2281,32480,1
328.594,200,5106,22414,241138,2275,32193,1
328.834,200,5107,21670,241009,2284,31891,1
329.088,200,5108,20950,241295,2293,31574,1
329.341,200,5109,20254,241563,2287,31248,1
329.594,200,5110,19582,241832,2285,30907,1
329.834,200,5111,18930,241684,2283,30556,1
330.087,200,5112,19521,241951,2285,30194,1
330.340,200,5113,20132,242203,2282,29862,1
330.593,200,5114,20761,242446,2281,29562,1
330.834,200,5115,21410,242301,2279,29289,1
331.087,200,5116,22079,242544,2283,29045,1
331.340,200,5117,22768,242784,2288,28829,1
331.593,200,5118,22012,243007,2284,33623,1
331.835,200,5119,21280,242864,2288,33262,1
332.088,200,5120,20574,243086,2290,32891,1
332.341,200,5121,19890,243305,2291,32508,1
332.594,200,5122,19230,243514,2287,32116,1
332.834,200,5123,18592,243321,2288,31716,1
333.088,200,5124,17974,243531,2292,31309,1
333.341,200,5125,17376,243733,2291,30894,1
333.593,200,5126,17919,243929,2286,30473,1
333.834,200,5127,18478,243727,2293,30084,1
334.087,200,5128,19055,243922,2286,29723,1
334.340,200,5129,19650,244122,2287,29391,1
334.593,200,5130,20265,244305,2283,29088,1
334.834,200,5131,20898,244096,2282,28814,1
335.087,200,5132,21551,244286,2278,28568,1
335.340,200,5133,22224,244477,2285,28352,1
335.593,200,5134,22919,244651,2283,28163,1
335.835,200,5135,23636,244448,2284,28002,1
336.088,200,5136,24375,244624,2282,27867,1
336.341,200,5137,25136,244795,2283,27761,1
336.594,200,5138,25921,244962,2284,27680,1
336.834,200,5139,26732,244721,2282,27628,1
337.087,200,5140,27567,244889,2277,27602,1
337.340,200,5141,28428,245051,2280,27604,1
337.593,200,5142,29317,245213,2279,27633,1
337.834,200,5143,30234,244969,2281,27689,1
338.087,200,5144,31179,245126,2280,27770,1
338.340,200,5145,32154,245280,2288,27879,1
338.593,200,5146,33159,245429,2290,28014,1
338.834,200,5147,34196,245189,2287,28177,1
339.087,200,5148,35265,245342,2283,28367,1
339.340,200,5149,36368,245489,2281,28585,1
339.593,200,5150,37505,245637,2277,28830,1
339.834,200,5151,38678,245412,2275,29103,1
340.087,200,5152,39887,245556,2273,29405,1
340.340,200,5153,41134,245697,2273,29735,1
340.594,200,5154,42419,245840,2279,30094,1
340.834,200,5155,43744,245567,2280,30481,1
341.087,200,5156,42292,245712,2275,30897,1
341.340,200,5157,40888,245852,2274,31257,1
341.594,200,5158,39530,245984,2277,31560,1
341.834,200,5159,38218,245717,2277,31813,1
342.087,200,5160,36950,245852,2276,32016,1
342.340,200,5161,35724,245982,2273,32172,1
342.593,200,5162,34538,246112,2282,32285,1
342.834,200,5163,33390,245847,2284,32359,1
343.087,200,5164,32280,245973,2285,32395,1
343.340,200,5165,31208,246100,2284,32395,1
343.593,200,5166,30172,246227,2285,32359,1
343.835,200,5167,29170,245983,2290,32292,1
344.088,200,5168,28200,246102,2287,32197,1
344.341,200,5169,27264,246228,2284,32073,1
344.594,200,5170,26360,246348,2285,31925,1
344.835,200,5171,25484,246072,2288,31755,1
345.087,200,5172,24638,246194,2285,31561,1
345.341,200,5173,23820,246317,2285,31348,1
345.594,200,5174,23030,246434,2282,31116,1
345.834,200,5175,22264,246149,2286,30866,1
346.087,200,5176,22959,246265,2282,30600,1
346.340,200,5177,23676,246383,2278,30364,1
346.593,200,5178,24415,246400,2276,30158,1
346.834,200,5179,25178,246136,2282,29980,1
347.087,200,5180,25965,246260,2282,29833,1
347.340,200,5181,26776,246379,2281,29714,1
347.593,200,5182,27613,246493,2279,29624,1
347.835,200,5183,28476,246237,2291,29564,1
348.088,200,5184,29365,246351,2294,29533,1
348.341,200,5185,30282,246463,2292,29531,1
348.594,200,5186,31229,246575,2295,29557,1
348.835,200,5187,32204,246291,2316,29611,1
349.088,200,5188,33211,246395,2311,29695,1
349.341,200,5189,34248,246509,2312,29807,1
349.594,200,5190,35319,246619,2308,29949,1
349.834,200,5191,36422,246324,2320,30119,1
350.087,200,5192,37561,246435,2315,30318,1
350.340,200,5193,38734,246549,2309,30547,1
350.593,200,5194,39945,246658,2304,30805,1
350.834,200,5195,38619,246382,2303,31092,1
351.087,200,5196,37337,246498,2311,31329,1
351.340,200,5197,36097,246598,2306,31519,1
351.593,200,5198,34899,246709,2304,31664,1
351.835,200,5199,33741,246455,2308,31766,1
352.088,200,5200,32621,246560,2307,31830,1
352.341,200,5201,31537,246672,2307,31857,1
352.594,200,5202,30489,246776,2302,31850,1
352.834,200,5203,29477,246485,2301,31810,1
353.087,200,5204,28499,246601,2306,31739,1
353.341,200,5205,27553,246710,2306,31641,1
353.593,200,5206,26639,246813,2302,31516,1
353.834,200,5207,25755,246521,2299,31365,1
354.087,200,5208,24899,246632,2305,31192,1
354.340,200,5209,24073,246741,2304,30999,1
354.593,200,5210,24826,246838,2300,30786,1
354.834,200,5211,25601,246557,2312,30602,1
355.087,200,5212,26402,246650,2313,30448,1
355.340,200,5213,27227,246760,2310,30325,1
355.593,200,5214,28078,246859,2306,30231,1
355.834,200,5215,28955,246601,2304,30166,1
356.087,200,5216,29860,246708,2301,30130,1
356.341,200,5217,30793,246816,2300,30124,1
356.594,200,5218,31756,246917,2297,30147,1
356.834,200,5219,32749,246627,2299,30201,1
357.087,200,5220,33772,246731,2298,30284,1
357.340,200,5221,34827,246840,2299,30396,1
357.593,200,5222,35916,246936,2296,30536,1
357.834,200,5223,37039,246640,2297,30706,1
358.087,200,5224,35809,246742,2297,30905,1
358.340,200,5225,34619,246847,2297,31061,1
358.593,200,5226,33469,246948,2298,31175,1
358.834,200,5227,32357,246660,2300,31249,1
359.087,200,5228,31283,246772,2303,31285,1
359.340,200,5229,30243,246871,2305,31288,1
359.593,200,5230,29239,246969,2305,31257,1
359.835,200,5231,28267,246697,2308,31197,1
360.088,200,5232,27329,246796,2301,31108,1
360.341,200,5233,26423,246899,2304,30991,1
360.594,200,5234,27248,246997,2299,30852,1
360.834,200,5235,28099,246700,2298,30743,1
361.087,200,5236,28978,246804,2293,30663,1
361.340,200,5237,29883,246909,2291,30613,1
361.593,200,5238,30816,247013,2289,30593,1
361.834,200,5239,31779,246719,2286,30602,1
362.087,200,5240,32772,246824,2283,30641,1
362.340,200,5241,33797,246924,2282,30710,1
362.593,200,5242,34854,247026,2281,30808,1
362.834,200,5243,33696,246741,2281,30938,1
363.087,200,5244,32578,246839,2277,31027,1
363.340,200,5245,31498,246943,2285,31078,1
363.594,200,5246,30452,247046,2301,31094,1
363.835,200,5247,29440,246749,2302,31076,1
364.088,200,5248,28464,246851,2301,31028,1
364.342,200,5249,27518,246960,2304,30949,1
364.595,200,5250,28377,247053,2306,30844,1
364.835,200,5251,29264,246741,2307,30769,1
365.088,200,5252,30179,246846,2300,30724,1
365.341,200,5253,31122,246958,2296,30710,1
365.594,200,5254,32095,247057,2301,30725,1
365.834,200,5255,33098,246730,2301,30771,1
366.087,200,5256,34133,246832,2297,30846,1
366.340,200,5257,32999,246933,2292,30950,1
366.593,200,5258,31903,247038,2290,31016,1
366.834,200,5259,30843,246753,2292,31046,1
367.087,200,5260,29819,246853,2291,31042,1
367.340,200,5261,28829,246955,2287,31006,1
367.593,200,5262,27871,247054,2287,30940,1
367.835,200,5263,28742,246790,2294,30847,1
368.088,200,5264,29641,246892,2294,30783,1
368.341,200,5265,30568,246992,2291,30749,1
368.594,200,5266,31523,247088,2292,30746,1
368.834,200,5267,32508,246772,2289,30772,1
369.087,200,5268,33523,246883,2288,30829,1
369.340,200,5269,32409,246981,2285,30916,1
369.593,200,5270,31333,247079,2280,30966,1
369.834,200,5271,30293,246775,2282,30981,1
370.087,200,5272,29287,246884,2281,30961,1
370.340,200,5273,28315,246847,2279,30910,1
370.593,200,5274,29200,246944,2276,30832,1
370.834,200,5275,30113,246657,2279,30784,1
371.087,200,5276,31054,246763,2274,30764,1
371.340,200,5277,32025,246866,2271,30774,1
371.593,200,5278,33026,246969,2271,30816,1
371.834,200,5279,31930,246708,2271,30887,1
372.088,200,5280,30870,246819,2270,30922,1
372.341,200,5281,29846,246921,2269,30923,1
372.594,200,5282,28856,247019,2265,30892,1
372.834,200,5283,29757,246732,2265,30830,1
373.088,200,5284,30686,246837,2266,30798,1
373.340,200,5285,31645,246934,2265,30798,1
373.593,200,5286,32634,247036,2262,30826,1
373.834,200,5287,31550,246736,2264,30885,1
374.087,200,5288,30502,246835,2265,30908,1
374.340,200,5289,29490,246940,2267,30897,1
374.593,200,5290,30411,247030,2267,30854,1
374.834,200,5291,29401,246740,2266,30844,1
375.087,200,5292,30320,246844,2268,30802,1
375.340,200,5293,31267,246945,2272,30788,1
375.593,200,5294,32244,247038,2273,30806,1
375.834,200,5295,31172,246768,2270,30854,1
376.087,200,5296,30138,246868,2273,30865,1
376.341,200,5297,31079,246970,2276,30844,1
376.594,200,5298,32050,247065,2272,30853,1
376.835,200,5299,30986,246764,2300,30893,1
377.087,200,5300,29958,246840,2299,30897,1
377.340,200,5301,28964,246944,2296,30869,1
377.593,200,5302,29869,247039,2293,30811,1
377.834,200,5303,30802,246744,2292,30783,1
378.087,200,5304,31765,246847,2288,30785,1
378.340,200,5305,32758,246954,2290,30818,1
378.593,200,5306,31670,247047,2288,30881,1
378.834,200,5307,30618,246756,2286,30909,1
379.087,200,5308,29602,246857,2286,30903,1
379.340,200,5309,30527,246960,2288,30865,1
379.598,200,5310,31480,247163,2324,30856,1
379.836,200,5311,30434,246759,2348,30878,1
380.089,200,5312,29424,246845,2351,30867,1
380.342,200,5313,30343,246931,2363,30823,1
380.595,200,5314,31292,247014,2366,30810,1
380.835,200,5315,32269,246704,2381,30826,1
381.088,200,5316,31199,246797,2382,30872,1
381.341,200,5317,30163,246883,2391,30884,1
381.594,200,5318,31106,246973,2396,30864,1
381.835,200,5319,30074,246661,2403,30873,1
382.088,200,5320,29074,246762,2405,30851,1
382.341,200,5321,29983,246849,2420,30797,1
382.594,200,5322,30920,246938,2424,30773,1
382.836,200,5323,31887,246672,2438,30778,1
383.089,200,5324,32884,246762,2439,30813,1
383.341,200,5325,31792,246853,2439,30879,1
383.595,200,5326,30736,246945,2449,30909,1
383.835,200,5327,29716,246614,2455,30906,1
384.087,200,5328,28730,246706,2454,30870,1
384.340,200,5329,29627,246799,2454,30804,1
384.593,200,5330,30552,246888,2462,30768,1
384.835,200,5331,31507,246620,2468,30763,1
385.088,200,5332,32492,246713,2467,30788,1
385.341,200,5333,33507,246806,2466,30843,1
385.594,200,5334,32395,246895,2475,30927,1
385.835,200,5335,31319,246606,2503,30973,1
386.088,200,5336,30279,246685,2499,30985,1
386.341,200,5337,29275,246778,2500,30965,1
386.594,200,5338,28303,246868,2507,30914,1
386.836,200,5339,27363,246603,2515,30833,1
387.088,200,5340,28218,246696,2515,30726,1
387.341,200,5341,29099,246790,2513,30649,1
387.594,200,5342,30008,246878,2518,30603,1
387.835,200,5343,30945,246570,2521,30588,1
388.087,200,5344,31912,246661,2518,30600,1
388.340,200,5345,32909,246756,2516,30642,1
388.593,200,5346,33938,246847,2518,30715,1
388.835,200,5347,34999,246588,2524,30817,1
389.088,200,5348,33837,246682,2519,30949,1
389.341,200,5349,32713,246778,2516,31042,1
389.594,200,5350,31627,246870,2513,31095,1
389.835,200,5351,30577,246586,2522,31113,1
390.090,200,5352,29561,246681,2605,31097,1
390.341,200,5353,28579,246696,2610,31051,1
390.594,200,5354,27629,246777,2605,30974,1
390.835,200,5355,26711,246511,2611,30870,1
391.088,200,5356,27546,246609,2613,30741,1
391.341,200,5357,28407,246699,2608,30642,1
391.594,200,5358,29294,246794,2603,30575,1
391.835,200,5359,30209,246500,2611,30538,1
392.087,200,5360,31154,246591,2605,30530,1
392.340,200,5361,32127,246689,2599,30550,1
392.593,200,5362,33130,246780,2592,30601,1
392.835,200,5363,34165,246530,2596,30682,1
393.088,200,5364,35232,246634,2594,30793,1
393.341,200,5365,34062,246728,2589,30934,1
393.594,200,5366,32932,246821,2585,31034,1
393.834,200,5367,31838,246524,2582,31096,1
394.088,200,5368,30780,246434,2588,31121,1
394.341,200,5369,29758,246533,2582,31112,1
394.594,200,5370,28770,246633,2578,31071,1
394.835,200,5371,27814,246381,2579,31000,1
395.088,200,5372,26890,246482,2582,30902,1
395.341,200,5373,27731,246585,2576,30779,1
395.600,200,5374,28598,246819,2620,30686,1
395.837,200,5375,29491,246363,2650,30624,1
396.092,200,5376,30412,246465,2696,30591,1
396.658,200,5377,31363,252866,6140,30589,1
396.806,200,5378,32344,249420,6058,30620,1
397.060,200,5379,33355,249422,5974,30677,1
397.315,200,5380,34398,249453,5894,30766,1
397.582,200,5381,35473,249620,6064,30881,1
397.834,200,5382,36582,249448,6072,31029,1
398.092,200,5383,35368,249494,6041,31205,1
398.349,200,5384,34194,249565,5975,31338,1
398.604,200,5385,33060,249590,5900,31429,1
398.841,200,5386,31962,249033,5837,31483,1
399.096,200,5387,30900,249083,5774,31499,1
399.352,200,5388,29874,249143,5704,31483,1
399.609,200,5389,28882,249214,5650,31437,1
399.837,200,5390,27924,248409,5594,31361,1
400.095,200,5391,26998,248516,5557,31257,1
400.351,200,5392,26100,248582,5515,31125,1
400.609,200,5393,26915,248670,5490,30969,1
400.838,200,5394,27756,247885,5444,30844,1
401.097,200,5395,28623,247981,5439,30750,1
401.353,200,5396,29518,248032,5404,30687,1
401.609,200,5397,30441,248107,5360,30651,1
401.838,200,5398,31392,247312,5319,30647,1
402.093,200,5399,32373,247390,5266,30673,1
402.348,200,5400,33384,247488,5219,30729,1
402.603,200,5401,34427,247575,5160,30813,1
402.839,200,5402,33283,247059,5115,30929,1
403.094,200,5403,32179,247163,5073,31007,1
403.350,200,5404,31109,247263,5030,31047,1
403.606,200,5405,30077,247374,4994,31052,1
403.836,200,5406,29077,246701,4949,31022,1
404.092,200,5407,28111,246826,4907,30966,1
404.347,200,5408,27179,246939,4869,30882,1
404.603,200,5409,28028,247063,4837,30768,1
404.837,200,5410,28903,246488,4803,30684,1
405.092,200,5411,29806,246617,4777,30630,1
405.348,200,5412,30737,246746,4740,30608,1
405.605,200,5413,31698,246910,4717,30613,1
405.838,200,5414,32689,246299,4694,30648,1
406.094,200,5415,33710,246430,4684,30716,1
406.351,200,5416,34763,246576,4664,30813,1
406.607,200,5417,33609,246697,4637,30939,1
406.841,200,5418,32493,246139,4626,31026,1
407.098,200,5419,31413,246286,4620,31078,1
407.358,200,5420,30369,246388,4732,31098,1
407.746,200,5421,29361,246330,8985,31077,1
409.840,200,5422,30278,303844,8861,31029,1
409.845,200,5423,30278,303844,8861,31029,0
409.846,200,5424,30278,303844,8861,31029,0
409.846,200,5425,30278,303844,8861,31029,0
409.847,200,5426,30278,303844,8861,31029,0
410.098,200,5427,31225,301917,8843,31008,1
410.350,200,5428,32200,300178,8698,31020,1
410.604,200,5429,33207,298581,8530,31063,1
410.838,200,5430,34244,296402,8376,31135,1
411.092,200,5431,35315,294951,8197,31235,1
411.347,200,5432,36418,293586,8026,31365,1
411.604,200,5433,37557,292265,7934,31525,1
411.852,200,5434,38730,290223,8306,31717,1
412.090,200,5435,39941,288437,8171,31939,1
412.360,200,5436,41190,287207,8522,32192,1
412.602,200,5437,42477,285647,8349,32476,1
412.839,200,5438,43804,283985,8193,32790,1
413.098,200,5439,45173,282994,8095,33137,1
413.535,200,5440,43673,287742,8095,45693,0
413.607,200,5441,42223,280882,7940,45633,1
413.842,200,5442,40821,279260,7827,45529,1
414.101,200,5443,39465,278369,7797,45388,1
414.354,200,5444,38155,277293,7711,45207,1
414.610,200,5445,36889,276475,7599,44995,1
414.843,200,5446,35665,274922,7474,44747,1
415.097,200,5447,34481,274131,7347,44466,1
415.352,200,5448,33335,273392,7231,44157,1
415.606,200,5449,32227,272641,7099,43821,1
415.836,200,5450,31157,271195,6971,43460,1
416.091,200,5451,30121,270554,6854,43080,1
416.346,200,5452,29121,269948,6734,42678,1
416.601,200,5453,28155,269357,6604,42259,1
416.848,200,5454,27219,268499,6528,41822,1
417.101,200,5455,26315,267891,6411,41369,1
417.355,200,5456,25441,267315,6298,40902,1
417.608,200,5457,24597,266754,6191,40422,1
417.837,200,5458,23781,265440,6095,39932,1
418.092,200,5459,22991,264960,6014,39431,1
418.345,200,5460,22229,264425,5934,38922,1
418.598,200,5461,21491,263930,5842,38403,1
418.836,200,5462,20777,263001,5755,37877,1
419.089,200,5463,20087,261644,5671,37347,1
419.343,200,5464,19419,261245,5591,36810,1
419.595,200,5465,18775,260861,5499,36270,1
419.939,200,5466,18151,260433,8308,35726,1
420.106,200,5467,17549,257303,8186,35181,1
420.359,200,5468,16967,256999,8028,34632,1
420.612,200,5469,16405,256759,7854,34083,1
420.835,200,5470,15861,255611,7693,33532,1
421.088,200,5471,15333,255422,7525,32985,1
421.342,200,5472,14823,255257,7374,32436,1
421.595,200,5473,14331,255088,7217,31889,1
421.835,200,5474,14778,254518,7078,31343,1
422.087,200,5475,15239,254365,6924,30827,1
422.341,200,5476,15716,254240,6780,30343,1
422.594,200,5477,16207,254113,6639,29888,1
422.844,200,5478,16714,253877,6503,29463,1
423.097,200,5479,17237,253765,6368,29068,1
423.350,200,5480,17776,253659,6243,28701,1
423.604,200,5481,18331,253539,6125,28361,1
423.834,200,5482,18904,252724,6004,28051,1
424.087,200,5483,19495,252638,5890,27768,1
424.340,200,5484,20104,252563,5780,27512,1
424.594,200,5485,20733,252481,5676,27282,1
424.834,200,5486,21380,252012,5576,27080,1
425.087,200,5487,22049,251946,5474,26905,1
425.340,200,5488,22738,251889,5377,26755,1
425.593,200,5489,23449,251826,5284,26633,1
425.835,200,5490,22671,251386,5195,31665,1
426.088,200,5491,23380,251346,5100,31387,1
426.341,200,5492,24111,251305,5009,31140,1
426.594,200,5493,24864,251273,4933,30922,1
426.835,200,5494,25641,250853,4863,30737,1
427.088,200,5495,26442,250807,4785,30580,1
427.341,200,5496,27269,250775,4708,30453,1
427.597,200,5497,28122,250838,4654,30355,1
427.835,200,5498,29001,250304,4596,30288,1
428.088,200,5499,29908,250282,4533,30249,1
428.341,200,5500,30843,250263,4469,30240,1
428.594,200,5501,31806,250251,4408,30260,1
428.836,200,5502,32799,249890,4360,30309,1
429.089,200,5503,33824,249885,4305,30388,1
429.342,200,5504,34881,249870,4249,30496,1
429.595,200,5505,35972,249860,4192,30634,1
429.835,200,5506,37097,249452,4145,30802,1
430.088,200,5507,38256,249455,4093,30999,1
430.341,200,5508,36986,249465,4042,31228,1
430.594,200,5509,35758,249474,3992,31410,1
430.835,200,5510,34570,249107,3958,31547,1
431.087,200,5511,33422,249119,3911,31642,1
431.340,200,5512,32312,249138,3865,31699,1
431.593,200,5513,31238,249153,3823,31719,1
431.835,200,5514,30202,248804,3795,31706,1
432.087,200,5515,29198,248814,3754,31660,1
432.340,200,5516,28230,248837,3713,31584,1
432.593,200,5517,27294,248861,3673,31480,1
432.840,200,5518,26388,248656,3704,31352,1
433.094,200,5519,25512,248687,3688,31199,1
433.348,200,5520,26309,248706,3666,31025,1
433.601,200,5521,27132,248720,3629,30880,1
433.836,200,5522,27979,248188,3612,30767,1
434.089,200,5523,28854,248215,3595,30682,1
434.342,200,5524,29755,248232,3555,30627,1
434.595,200,5525,30684,248288,3514,30602,1
434.836,200,5526,31643,247974,3478,30608,1
435.089,200,5527,32632,248037,3448,30643,1
435.342,200,5528,33651,248097,3413,30708,1
435.595,200,5529,34702,248158,3376,30802,1
435.834,200,5530,35787,247779,3350,30926,1
436.088,200,5531,34599,247843,3328,31080,1
436.340,200,5532,33449,247907,3292,31192,1
436.593,200,5533,32339,247980,3256,31266,1
436.837,200,5534,31265,247659,3314,31302,1
437.089,200,5535,30227,247655,3293,31303,1
437.342,200,5536,29223,247717,3258,31272,1
437.595,200,5537,28253,247794,3228,31210,1
437.847,200,5538,27315,247439,3613,31120,1
438.089,200,5539,26407,247154,3584,31005,1
438.342,200,5540,27232,247240,3540,30864,1
438.595,200,5541,28083,247331,3499,30753,1
438.835,200,5542,28960,247003,3461,30672,1
439.089,200,5543,29865,247103,3431,30620,1
439.341,200,5544,30798,247185,3391,30598,1
439.594,200,5545,31761,247273,3355,30607,1
439.834,200,5546,32754,246949,3321,30646,1
440.087,200,5547,33777,247053,3290,30715,1
440.341,200,5548,34832,247150,3259,30814,1
440.594,200,5549,33676,247239,3229,30941,1
440.834,200,5550,32558,246924,3203,31029,1
441.088,200,5551,31476,247026,3180,31079,1
441.340,200,5552,30430,247115,3155,31095,1
441.593,200,5553,29420,247207,3125,31076,1
441.854,200,5554,28442,246915,3713,31027,1
442.088,200,5555,27498,246409,3668,30949,1
442.341,200,5556,26584,246529,3629,30844,1
442.594,200,5557,27415,246644,3587,30714,1
442.835,200,5558,28272,246353,3546,30614,1
443.088,200,5559,29155,246158,3513,30543,1
443.342,200,5560,30066,246279,3484,30501,1
443.594,200,5561,31005,246387,3451,30491,1
443.834,200,5562,31974,246081,3422,30509,1
444.087,200,5563,32973,246200,3388,30558,1
444.341,200,5564,34004,246325,3361,30636,1
444.594,200,5565,35067,246444,3325,30743,1
444.834,200,5566,33901,246161,3297,30881,1
445.087,200,5567,32775,246284,3260,30978,1
445.341,200,5568,31687,246409,3231,31036,1
445.594,200,5569,30635,246526,3198,31059,1
445.835,200,5570,29617,246247,3177,31049,1
446.087,200,5571,28633,246360,3146,31009,1
446.341,200,5572,27683,246487,3121,30938,1
446.594,200,5573,26763,246596,3099,30839,1
446.835,200,5574,27600,246322,3073,30715,1
447.088,200,5575,28463,246438,3048,30620,1
447.341,200,5576,29352,246548,3020,30555,1
447.594,200,5577,30269,246657,3002,30521,1
447.834,200,5578,31214,246362,2977,30516,1
448.087,200,5579,32189,246478,2954,30542,1
448.340,200,5580,33194,246590,2932,30595,1
448.594,200,5581,34231,246710,2918,30679,1
448.839,200,5582,35300,246506,2972,30791,1
449.096,200,5583,34128,246638,3039,30937,1
449.349,200,5584,32996,246622,3082,31040,1
449.604,200,5585,31900,246674,3129,31105,1
449.838,200,5586,30840,246099,3149,31133,1
450.092,200,5587,29816,246207,3156,31127,1
450.346,200,5588,28826,246312,3153,31089,1
450.601,200,5589,27870,246446,3176,31020,1
450.841,200,5590,26944,246034,3256,30927,1
451.094,200,5591,26050,246102,3247,30803,1
451.350,200,5592,26865,246271,3247,30656,1
451.609,200,5593,27704,246439,3325,30540,1
452.268,200,5594,28569,258876,3615,30458,1
452.518,200,5595,29462,258260,3622,30401,1
452.772,200,5596,30383,257960,3625,30377,1
453.025,200,5597,31332,257652,3608,30381,1
453.280,200,5598,32311,257415,3622,30415,1
453.533,200,5599,33320,257105,3611,30479,1
453.787,200,5600,34361,256845,3609,30571,1
454.039,200,5601,35434,256577,3596,30691,1
454.292,200,5602,36541,256321,3578,30843,1
454.545,200,5603,37682,256080,3560,31026,1
454.798,200,5604,38859,255841,3556,31239,1
455.051,200,5605,40074,255610,3552,31480,1
455.304,200,5606,41327,255372,3530,31754,1
455.557,200,5607,39955,255168,3514,32058,1
455.810,200,5608,38629,254968,3502,32311,1
456.064,200,5609,37347,254773,3510,32510,1
456.316,200,5610,36107,254560,3496,32665,1
456.569,200,5611,34909,254378,3483,32776,1
456.822,200,5612,33749,254200,3466,32844,1
457.076,200,5613,32629,254065,3449,32876,1
457.330,200,5614,31545,253917,3435,32872,1
457.583,200,5615,30497,253774,3424,32833,1
457.838,200,5616,29485,253650,3434,32765,1
458.091,200,5617,28505,253492,3437,32666,1
458.344,200,5618,27559,253338,3423,32538,1
458.597,200,5619,26643,253199,3413,32386,1
458.835,200,5620,25759,252588,3405,32210,1
459.089,200,5621,24903,252474,3412,32010,1
459.342,200,5622,24077,252346,3404,31792,1
459.595,200,5623,23279,252234,3391,31554,1
459.837,200,5624,24006,251714,3460,31300,1
460.088,200,5625,24757,251539,3456,31076,1
460.341,200,5626,25530,251457,3448,30882,1
460.594,200,5627,26327,251369,3445,30720,1
460.835,200,5628,27150,250892,3446,30588,1
461.089,200,5629,27999,250818,3442,30483,1
461.342,200,5630,28874,250747,3433,30407,1
461.595,200,5631,29777,250688,3413,30364,1
461.841,200,5632,30708,250339,3490,30349,1
462.092,200,5633,31667,250195,3461,30363,1
462.346,200,5634,32656,250183,3437,30405,1
462.598,200,5635,33677,250165,3407,30478,1
462.835,200,5636,34730,249632,3388,30581,1
463.088,200,5637,35815,249640,3357,30711,1
463.342,200,5638,36934,249649,3340,30873,1
463.594,200,5639,38089,249643,3319,31065,1
463.835,200,5640,36825,249238,3301,31287,1
464.088,200,5641,35603,249256,3273,31464,1
464.341,200,5642,34421,249273,3261,31595,1
464.595,200,5643,33277,249297,3261,31685,1
464.835,200,5644,32171,248860,3245,31737,1
465.088,200,5645,31103,248883,3222,31752,1
465.341,200,5646,30069,248911,3208,31732,1
465.594,200,5647,29069,248928,3188,31683,1
465.836,200,5648,28105,248579,3173,31604,1
466.088,200,5649,27173,248605,3151,31497,1
466.341,200,5650,26271,248634,3139,31366,1
466.594,200,5651,25399,248655,3122,31208,1
466.835,200,5652,26192,248284,3106,31027,1
467.088,200,5653,27011,248327,3088,30878,1
467.341,200,5654,27856,247760,3075,30758,1
467.594,200,5655,28727,247818,3062,30669,1
467.835,200,5656,29624,247474,3051,30610,1
468.088,200,5657,30549,247535,3040,30580,1
468.341,200,5658,31504,247603,3026,30581,1
468.594,200,5659,32489,247672,3017,30611,1
468.835,200,5660,33504,247337,3007,30672,1
469.088,200,5661,34551,247415,2989,30762,1
469.341,200,5662,35630,247485,2972,30881,1
469.594,200,5663,34446,247559,2968,31031,1
469.835,200,5664,33302,247234,2960,31139,1
470.088,200,5665,32196,247301,2941,31208,1
470.341,200,5666,31128,247389,2925,31239,1
470.595,200,5667,30094,247474,2921,31236,1
470.835,200,5668,29096,247112,2913,31203,1
471.088,200,5669,28130,247180,2901,31139,1
471.340,200,5670,27196,247241,2890,31046,1
471.596,200,5671,26292,247360,2910,30927,1
471.836,200,5672,27113,246981,2910,30785,1
472.089,200,5673,27960,247059,2893,30672,1
472.342,200,5674,28833,247140,2880,30589,1
472.595,200,5675,29734,247218,2878,30536,1
472.842,200,5676,30663,246914,3029,30515,1
473.091,200,5677,31622,246784,3036,30524,1
473.344,200,5678,32611,246839,3033,30563,1
473.597,200,5679,33630,246903,3046,30632,1
473.836,200,5680,34681,246491,3050,30731,1
474.089,200,5681,33529,246569,3046,30857,1
474.342,200,5682,32415,246648,3042,30943,1
474.595,200,5683,31339,246728,3033,30991,1
474.836,200,5684,30299,246440,3030,31007,1
475.090,200,5685,29293,246524,3036,30988,1
475.342,200,5686,28319,246588,3031,30937,1
475.595,200,5687,27379,246669,3025,30857,1
475.835,200,5688,28234,246319,3034,30756,1
476.088,200,5689,29117,246397,3024,30681,1
476.342,200,5690,30026,246494,3035,30634,1
476.595,200,5691,30965,246564,3039,30620,1
476.836,200,5692,31932,246231,3060,30634,1
477.089,200,5693,32929,246293,3066,30679,1
477.342,200,5694,33958,246368,3079,30754,1
477.596,200,5695,32830,246446,3075,30856,1
477.836,200,5696,31740,246092,3071,30920,1
478.089,200,5697,30686,246188,3076,30948,1
478.342,200,5698,29668,246270,3067,30942,1
478.595,200,5699,28682,246356,3057,30904,1
478.837,200,5700,27730,246081,3076,30837,1
479.090,200,5701,28597,246164,3062,30742,1
479.344,200,5702,29490,246290,3070,30678,1
479.601,200,5703,30411,246435,3102,30645,1
479.837,200,5704,31362,245943,3118,30643,1
480.092,200,5705,32343,246046,3127,30670,1
480.346,200,5706,33354,246135,3129,30725,1
480.600,200,5707,32248,246230,3135,30811,1
480.836,200,5708,31176,245775,3140,30860,1
481.091,200,5709,30142,245884,3160,30875,1
481.344,200,5710,29140,245972,3164,30858,1
481.598,200,5711,28172,246067,3176,30809,1
481.839,200,5712,27238,245672,3283,30732,1
482.090,200,5713,28089,245667,3298,30629,1
482.343,200,5714,28966,245744,3296,30553,1
482.596,200,5715,29871,245833,3297,30507,1
482.837,200,5716,30804,245547,3293,30493,1
483.090,200,5717,31767,245654,3293,30505,1
483.343,200,5718,32760,245746,3289,30549,1
483.596,200,5719,33783,245838,3274,30620,1
483.837,200,5720,32661,245497,3315,30722,1
484.089,200,5721,31577,245565,3321,30787,1
484.342,200,5722,30529,245662,3313,30815,1
484.595,200,5723,29517,245772,3304,30810,1
484.836,200,5724,28537,245463,3302,30773,1
485.089,200,5725,27589,245593,3295,30705,1
485.343,200,5726,28452,245716,3291,30612,1
485.597,200,5727,29341,245829,3297,30547,1
485.836,200,5728,30258,245459,3294,30512,1
486.090,200,5729,31203,245588,3295,30509,1
486.346,200,5730,32178,245721,3321,30534,1
486.600,200,5731,33183,245833,3326,30590,1
486.837,200,5732,34220,245406,3327,30674,1
487.091,200,5733,33084,245539,3326,30787,1
487.345,200,5734,31984,245667,3326,30864,1
487.599,200,5735,30922,245772,3334,30904,1
487.836,200,5736,29896,245344,3335,30908,1
488.090,200,5737,28904,245468,3336,30878,1
488.344,200,5738,27944,245579,3344,30818,1
488.598,200,5739,27016,245686,3340,30732,1
488.836,200,5740,27861,245312,3330,30618,1
489.092,200,5741,28732,245490,3350,30536,1
489.347,200,5742,29629,245607,3379,30485,1
489.601,200,5743,30554,245698,3387,30462,1
489.837,200,5744,31509,245224,3404,30468,1
490.095,200,5745,32494,245440,3447,30507,1
490.348,200,5746,33509,245491,3456,30574,1
490.601,200,5747,34556,245575,3463,30673,1
490.836,200,5748,33408,245106,3457,30799,1
491.091,200,5749,32300,244410,3481,30886,1
491.343,200,5750,31228,244513,3460,30933,1
491.596,200,5751,30190,244660,3438,30947,1
491.838,200,5752,29188,244424,3425,30927,1
492.090,200,5753,28220,244569,3405,30876,1
492.343,200,5754,27282,244718,3381,30795,1
492.598,200,5755,26376,244891,3376,30687,1
492.835,200,5756,27201,244527,3354,30554,1
493.088,200,5757,28052,244682,3335,30454,1
493.341,200,5758,28929,244832,3308,30381,1
493.595,200,5759,29834,244992,3301,30337,1
493.835,200,5760,30767,244719,3296,30325,1
494.088,200,5761,31728,244861,3274,30344,1
494.341,200,5762,32719,245016,3262,30391,1
494.595,200,5763,33742,245162,3252,30469,1
494.835,200,5764,34797,244883,3246,30575,1
495.089,200,5765,33641,245033,3243,30710,1
495.342,200,5766,32523,245171,3226,30806,1
495.596,200,5767,31443,245317,3227,30863,1
495.838,200,5768,30399,245029,3274,30884,1
496.090,200,5769,29389,245129,3270,30871,1
496.347,200,5770,28413,245325,3303,30828,1
496.599,200,5771,27469,245387,3288,30755,1
496.836,200,5772,26557,245001,3291,30658,1
497.089,200,5773,27386,245108,3276,30533,1
497.341,200,5774,28241,245239,3246,30438,1
497.594,200,5775,29124,245389,3216,30371,1
497.835,200,5776,30035,245142,3197,30335,1
498.088,200,5777,30974,245301,3169,30328,1
498.341,200,5778,31941,245449,3140,30350,1
498.594,200,5779,32940,245592,3113,30401,1
498.835,200,5780,33969,245346,3097,30482,1
499.088,200,5781,35030,245488,3072,30593,1
499.341,200,5782,33868,245629,3046,30734,1
499.594,200,5783,32744,245771,3019,30835,1
499.835,200,5784,31656,245515,3007,30898,1
500.088,200,5785,30604,245650,2988,30924,1
500.341,200,5786,29588,245782,2967,30917,1
500.594,200,5787,28606,245911,2945,30879,1
500.835,200,5788,27656,245632,2931,30810,1
501.088,200,5789,28521,245769,2909,30715,1
501.341,200,5790,29412,245900,2886,30649,1
501.594,200,5791,30331,246029,2865,30613,1
501.834,200,5792,31278,245755,2852,30607,1
502.087,200,5793,32255,245892,2840,30631,1
502.340,200,5794,33262,246015,2821,30684,1
502.593,200,5795,34301,246143,2803,30767,1
502.834,200,5796,33161,245879,2788,30879,1
503.087,200,5797,32061,246010,2778,30954,1
503.340,200,5798,30995,246136,2761,30990,1
503.593,200,5799,29967,246259,2746,30993,1
